// FNIRSI HS-02 boot logo + "HS-02 IronOS" caption.
// FNIRSI wordmark extracted from stock firmware V2.1.0; caption in DejaVu Sans Bold.
// 160x80, vertically centred with margin, column-major, colour-inverted for the panel's INVON.
#pragma once
#include <stdint.h>

#define FNIRSI_LOGO_W 160
#define FNIRSI_LOGO_H 80
#define FNIRSI_LOGO_X 0
#define FNIRSI_LOGO_Y 0

static const uint8_t fnirsiBootLogo[FNIRSI_LOGO_W * FNIRSI_LOGO_H * 2] = {
  0xff,0xff,0xff,0xff,0xff,0xff,0xff,0xff,0xff,0xff,0xff,0xff,0xff,0xff,0xff,0xff,
  0xff,0xff,0xf7,0x1a,0xff,0xfa,0xef,0x5c,0x83,0x9e,0x84,0x9e,0xef,0x5c,0xff,0xfa,
  0xf7,0xfa,0xf7,0xfa,0xef,0xfa,0xef,0xfa,0xf7,0xd9,0xef,0xd9,0xef,0xd9,0xef,0xd9,
  0xef,0xd9,0xef,0xd9,0xef,0xd9,0xef,0xd9,0xef,0xd9,0xef,0xb8,0xef,0xb8,0xef,0xb8,
  0xef,0xb8,0xe6,0x97,0xde,0x35,0xde,0x13,0xe6,0x55,0xe6,0x98,0xef,0xb8,0xef,0xd8,
  0xef,0xd9,0xef,0xd9,0xf7,0xfa,0xf7,0x1a,0xf7,0x1b,0xf7,0x3b,0xf7,0x3b,0xf7,0x3b,
  0xf7,0x3c,0xf7,0x5c,0xf7,0x5c,0xff,0xff,0xff,0xff,0xff,0xff,0xff,0xff,0xff,0xff,
  0xff,0xff,0xff,0xff,0xff,0xff,0xff,0xff,0xff,0xff,0xff,0xff,0xff,0xff,0xff,0xff,
  0xff,0xff,0xff,0xff,0xff,0xff,0xff,0xff,0xff,0xff,0xff,0xff,0xff,0xff,0xff,0xff,
  0xff,0xff,0xff,0xff,0xff,0xff,0xff,0xff,0xff,0xff,0xff,0xff,0xff,0xff,0xff,0xff,
  0xff,0xff,0xff,0xff,0xff,0xff,0xff,0xff,0xff,0xff,0xff,0xff,0xff,0xff,0xff,0xff,
  0xff,0xff,0xef,0xfa,0xe6,0xfa,0xef,0xfa,0xf7,0xfa,0xf7,0xfa,0xef,0xf9,0xe6,0xd9,
  0xe6,0xd9,0xe6,0xd9,0xe6,0xd9,0xe6,0xd9,0xe6,0xb9,0xe6,0xb8,0xe6,0xb8,0xe6,0xb8,
  0xe6,0xb8,0xe6,0xb8,0xe6,0xb8,0xe6,0xb8,0xe6,0xb8,0xe6,0xb8,0xde,0xb8,0xde,0x98,
  0xde,0x77,0xde,0x35,0xd6,0x13,0xd6,0x13,0xde,0x15,0xde,0x56,0xde,0x97,0xe6,0xb8,
  0xe6,0xda,0xe6,0x1a,0xe6,0x1b,0xe7,0x1b,0xe7,0x3c,0xef,0x3b,0xef,0x3c,0xef,0x3b,
  0xef,0x3c,0xef,0x5c,0xef,0x5c,0xff,0xff,0xff,0xff,0xff,0xff,0xff,0xff,0xff,0xff,
  0xff,0xff,0xff,0xff,0xff,0xff,0xff,0xff,0xff,0xff,0xff,0xff,0xff,0xff,0xff,0xff,
  0xff,0xff,0xff,0xff,0xff,0xff,0xff,0xff,0xff,0xff,0xff,0xff,0xff,0xff,0xff,0xff,
  0xff,0xff,0xff,0xff,0xff,0xff,0xff,0xff,0xff,0xff,0xff,0xff,0xff,0xff,0xff,0xff,
  0xff,0xff,0xff,0xff,0xff,0xff,0xff,0xff,0xff,0xff,0xff,0xff,0xff,0xff,0xff,0xff,
  0xff,0xff,0xe6,0x5b,0xe6,0x5c,0xe6,0x5b,0xe6,0x5b,0xe6,0x5b,0xe6,0x5b,0xe6,0x3a,
  0xe6,0x3a,0xe6,0x3a,0xe6,0x3a,0xe6,0x3a,0xe6,0x3a,0xde,0x1a,0xde,0x1a,0xde,0x19,
  0xde,0x19,0xde,0x19,0xde,0x19,0xde,0xf9,0xde,0xf9,0xde,0xf9,0xde,0xf9,0xde,0x19,
  0xde,0xd8,0xd6,0x76,0xd6,0x53,0xd6,0x34,0xd6,0x76,0xd6,0x96,0xde,0xd8,0xde,0x1a,
  0xe6,0x3b,0xe7,0x7b,0xef,0x7c,0xef,0x7c,0xef,0x9d,0xef,0x9d,0xef,0xbd,0xef,0x9d,
  0xef,0x9d,0xef,0xbd,0xef,0xbd,0xff,0xff,0xff,0xff,0xff,0xff,0xff,0xff,0xff,0xff,
  0xff,0xff,0xff,0xff,0xff,0xff,0xff,0xff,0xff,0xff,0xff,0xff,0xff,0xff,0xff,0xff,
  0xff,0xff,0xff,0xff,0xff,0xff,0xff,0xff,0xff,0xff,0xff,0xff,0xff,0xff,0xff,0xff,
  0xff,0xff,0xff,0xff,0xff,0xff,0xff,0xff,0xff,0xff,0xff,0xff,0xff,0xff,0xff,0xff,
  0xff,0xff,0xff,0xff,0xff,0xff,0xff,0xff,0xff,0xff,0xff,0xff,0xff,0xff,0xff,0xff,
  0xff,0xff,0xf7,0x5b,0xf7,0x5b,0xf7,0x5c,0xf7,0x5b,0xf7,0x5b,0xef,0x5b,0xef,0x3b,
  0xef,0x3b,0xef,0x3a,0xef,0x3a,0xef,0x3a,0xef,0x3a,0xef,0x1a,0xef,0x1a,0xef,0x19,
  0xef,0x19,0xef,0x19,0xef,0xf9,0xee,0xf9,0xee,0xf9,0xe6,0xf9,0xe6,0xf9,0xe7,0xf8,
  0xe6,0xd8,0xde,0x76,0xde,0x53,0xde,0x33,0xde,0x76,0xe6,0x96,0xe6,0xd8,0xef,0x1a,
  0xf7,0x5b,0xf7,0x7b,0xf7,0x7c,0xf7,0x7c,0xf7,0x3a,0xf7,0x9c,0xf7,0xbd,0xf7,0x9d,
  0xf7,0x9d,0xf7,0xbd,0xff,0xbd,0xff,0xff,0xff,0xff,0xff,0xff,0xff,0xff,0xff,0xff,
  0xff,0xff,0xff,0xff,0xff,0xff,0xff,0xff,0xff,0xff,0xff,0xff,0xff,0xff,0xff,0xff,
  0xff,0xff,0xff,0xff,0xff,0xff,0xff,0xff,0xff,0xff,0xff,0xff,0xff,0xff,0xff,0xff,
  0xff,0xff,0xff,0xff,0xff,0xff,0xff,0xff,0xff,0xff,0xff,0xff,0xff,0xff,0xff,0xff,
  0xff,0xff,0xff,0xff,0xff,0xff,0xff,0xff,0xff,0xff,0xff,0xff,0xff,0xff,0xff,0xff,
  0xff,0xff,0xf7,0x5b,0xef,0x7b,0xf7,0x5b,0xf7,0x5b,0xef,0x5b,0xf7,0x5b,0xef,0x7c,
  0xef,0x7c,0xef,0x7b,0xef,0x7b,0xef,0x7b,0xef,0x5b,0xef,0x5a,0xef,0x3a,0xef,0x5a,
  0xef,0x3a,0xef,0x3a,0xee,0x3a,0xee,0x3a,0xee,0x3a,0xee,0x3a,0xee,0x3a,0xee,0x3a,
  0xe6,0xf9,0xde,0x76,0xde,0x32,0xde,0xf2,0xde,0x14,0xde,0x55,0xe6,0x97,0xef,0xd9,
  0xef,0x1a,0xf7,0x5b,0xf7,0x7c,0xf7,0x5c,0xef,0x3b,0xf7,0x7c,0xf7,0x9d,0xf7,0x9c,
  0xf7,0x9d,0xf7,0x9d,0xff,0xbd,0xff,0xff,0xff,0xff,0xff,0xff,0xff,0xff,0xff,0xff,
  0xff,0xff,0xff,0xff,0xff,0xff,0xff,0xff,0xff,0xff,0xff,0xff,0xff,0xff,0xff,0xff,
  0xff,0xff,0xff,0xff,0xff,0xff,0xff,0xff,0xff,0xff,0xff,0xff,0xff,0xff,0xff,0xff,
  0xff,0xff,0xff,0xff,0xff,0xff,0xff,0xff,0xff,0xff,0xff,0xff,0xff,0xff,0xff,0xff,
  0xff,0xff,0xff,0xff,0xff,0xff,0xff,0xff,0xff,0xff,0xff,0xff,0xff,0xff,0xff,0xff,
  0xff,0xff,0xf7,0x5b,0xf7,0x7c,0xf7,0x5b,0xf7,0x7b,0xef,0xff,0xf7,0xff,0xff,0x9c,
  0xf7,0x9c,0xf7,0x7b,0xf7,0x9c,0xf7,0x9c,0xf7,0x9b,0xf7,0x9c,0xf7,0xbc,0xf7,0x9b,
  0xef,0x9b,0xef,0x9b,0xf7,0x7b,0xf7,0x7b,0xef,0x5a,0xef,0x5a,0xef,0x5a,0xef,0x3a,
  0xee,0x5a,0xde,0x59,0xde,0xf1,0xd5,0x50,0xd6,0x72,0xd6,0x93,0xde,0xf5,0xe6,0x77,
  0xef,0xb8,0xef,0xfa,0xf7,0x3b,0xf7,0x3b,0xf7,0x7c,0xf7,0x7d,0xff,0x7c,0xf7,0x7c,
  0xf7,0x9d,0xf7,0x9d,0xf7,0x9d,0xff,0xff,0xff,0xff,0xff,0xff,0xff,0xff,0xff,0xff,
  0xff,0xff,0xff,0xff,0xff,0xff,0xff,0xff,0xff,0xff,0xff,0xff,0xff,0xff,0xff,0xff,
  0xff,0xff,0xff,0xff,0xff,0xff,0xff,0xff,0xff,0xff,0xff,0xff,0xff,0xff,0xff,0xff,
  0xff,0xff,0xff,0xff,0xff,0xff,0xff,0xff,0xff,0xff,0xff,0xff,0xff,0xff,0xff,0xff,
  0xff,0xff,0xff,0xff,0xff,0xff,0xff,0xff,0xff,0xff,0xff,0xff,0xff,0xff,0xff,0xff,
  0xff,0xff,0xf7,0x5c,0xf7,0x5b,0xef,0x9c,0xf7,0xff,0xff,0x94,0xff,0xc9,0xff,0xe6,
  0xff,0xe6,0xff,0xe6,0xff,0x27,0xff,0x47,0xff,0x27,0xff,0x47,0xff,0x68,0xff,0x68,
  0xff,0x68,0xff,0x68,0xff,0x27,0xf7,0x27,0xf7,0x27,0xf7,0x06,0xf7,0xe6,0xf7,0xe6,
  0xf7,0xe6,0xf7,0xed,0xd5,0x6e,0xc5,0x4c,0xbd,0x4e,0xbd,0x8f,0xcd,0xf1,0xd6,0x73,
  0xde,0xf6,0xe6,0x58,0xef,0xf9,0xef,0xf9,0xf7,0x19,0xf7,0x9d,0xf7,0x9d,0xf7,0x7c,
  0xf7,0x9d,0xf7,0xbd,0xf7,0xbd,0xff,0xff,0xff,0xff,0xff,0xff,0xff,0xff,0xff,0xff,
  0xff,0xff,0xff,0xff,0xff,0xff,0xff,0xff,0xff,0xff,0xff,0xff,0xff,0xff,0xff,0xff,
  0xff,0xff,0xff,0xff,0xff,0xff,0xff,0xff,0xff,0xff,0xff,0xff,0xff,0xff,0xff,0xff,
  0xff,0xff,0xff,0xff,0xff,0xff,0xff,0xff,0xff,0xff,0xff,0xff,0xff,0xff,0xff,0xff,
  0xff,0xff,0xff,0xff,0xff,0xff,0xff,0xff,0xff,0xff,0xff,0xff,0xff,0xff,0xff,0xff,
  0xff,0xff,0xf7,0x5c,0xf7,0x7c,0xf7,0xff,0xff,0xcd,0xbd,0x00,0x5a,0x00,0x41,0x00,
  0x41,0x00,0x41,0x00,0x4a,0x00,0x52,0x00,0x4a,0x00,0x52,0x00,0x52,0x00,0x52,0x00,
  0x52,0x00,0x52,0x00,0x52,0x00,0x4a,0x00,0x4a,0x00,0x4a,0x00,0x41,0x00,0x41,0x00,
  0x49,0x00,0x8b,0x20,0xcd,0x88,0xa4,0xaa,0x94,0x6b,0x9c,0xac,0xa4,0x2e,0xb5,0xb1,
  0xc5,0xf2,0xce,0x95,0xde,0x15,0xe6,0xb8,0xef,0x3b,0xf7,0x5c,0xf7,0x9d,0xf7,0x9c,
  0xf7,0x9d,0xf7,0x9d,0xf7,0xbd,0xff,0xff,0xff,0xff,0xff,0xff,0xff,0xff,0xff,0xff,
  0xff,0xff,0xff,0xff,0xff,0xff,0xff,0xff,0xff,0xff,0xff,0xff,0xff,0xff,0xff,0xff,
  0xff,0xff,0xff,0xff,0xff,0xff,0xff,0xff,0xff,0xff,0xff,0xff,0xff,0xff,0xff,0xff,
  0xff,0xff,0xff,0xff,0xff,0xff,0xff,0xff,0xff,0xff,0xff,0xff,0xff,0xff,0xff,0xff,
  0xff,0xff,0xff,0xff,0xff,0xff,0xff,0xff,0xff,0xff,0xff,0xff,0xff,0xff,0xff,0xff,
  0xff,0xff,0xef,0x5c,0xf7,0xff,0xff,0x32,0x83,0x00,0x00,0x00,0x00,0x40,0x00,0x40,
  0x00,0x40,0x00,0x40,0x00,0x40,0x00,0x40,0x00,0x40,0x00,0x40,0x00,0x40,0x00,0x40,
  0x00,0x40,0x00,0x40,0x00,0x40,0x00,0x40,0x00,0x40,0x00,0x40,0x00,0x40,0x00,0x40,
  0x00,0x60,0x10,0xa0,0x8b,0xe6,0x8b,0xaa,0x7b,0x6b,0x83,0x8b,0x8c,0x2f,0x9c,0x4e,
  0xac,0x8f,0xb5,0x74,0xc6,0x94,0xde,0xf6,0xef,0x78,0xef,0x3b,0xf7,0x7c,0xf7,0x7c,
  0xf7,0x9c,0xf7,0x7d,0xf7,0x9d,0xff,0xff,0xff,0xff,0xff,0xff,0xff,0xff,0xff,0xff,
  0xff,0xff,0xff,0xff,0xff,0xff,0xff,0xff,0xff,0xff,0xff,0xff,0xff,0xff,0xff,0xff,
  0xff,0xff,0xff,0xff,0xff,0xff,0xff,0xff,0xff,0xff,0xff,0xff,0xff,0xff,0xff,0xff,
  0xff,0xff,0xff,0xff,0xff,0xff,0xff,0xff,0xff,0xff,0xff,0xff,0xff,0xff,0xff,0xff,
  0xff,0xff,0xff,0xff,0xff,0xff,0xff,0xff,0xff,0xff,0xff,0xff,0xff,0xff,0xff,0xff,
  0xff,0xff,0xf7,0xbd,0xff,0x9c,0xad,0x44,0x00,0x00,0x00,0x60,0x10,0x00,0x10,0x00,
  0x10,0x00,0x10,0x00,0x10,0x00,0x10,0x00,0x10,0x20,0x10,0x60,0x10,0x40,0x10,0x20,
  0x10,0x00,0x10,0x00,0x10,0x00,0x10,0x00,0x10,0x00,0x10,0x00,0x10,0x00,0x10,0x00,
  0x10,0x00,0x18,0x00,0x7a,0x87,0x8b,0x0b,0x73,0xac,0x7b,0xec,0x8c,0x6f,0x94,0x0c,
  0x9c,0x12,0xb5,0x94,0xb5,0x73,0xcd,0xd6,0xd6,0x58,0xef,0xb9,0xf7,0x1b,0xf7,0x3b,
  0xf7,0x7c,0xf7,0x7c,0xf7,0x7c,0xff,0xff,0xff,0xff,0xff,0xff,0xff,0xff,0xff,0xff,
  0xff,0xff,0xff,0xff,0xff,0xff,0xff,0xff,0xff,0xff,0xff,0xff,0xff,0xff,0xff,0xff,
  0xff,0xff,0xff,0xff,0xff,0xff,0xff,0xff,0xff,0xff,0xff,0xff,0xff,0xff,0xff,0xff,
  0xff,0xff,0xff,0xff,0xff,0xff,0xff,0xff,0xff,0xff,0xff,0xff,0xff,0xff,0xff,0xff,
  0xff,0xff,0xff,0xff,0xff,0xff,0xff,0xff,0xff,0xff,0xff,0xff,0xff,0xff,0xff,0xff,
  0xff,0xff,0xff,0xff,0xff,0x33,0x29,0x00,0x00,0x20,0x10,0x20,0x08,0x00,0x00,0xa5,
  0x00,0x47,0x00,0x06,0x00,0x47,0x00,0x07,0x08,0x40,0x10,0x20,0x10,0x20,0x08,0x80,
  0x00,0x26,0x00,0x47,0x00,0x27,0x00,0x26,0x00,0x27,0x00,0x27,0x00,0x27,0x00,0x26,
  0x00,0xe6,0x08,0x6a,0x8b,0x4e,0x9c,0x6b,0x83,0x4d,0x8b,0xd0,0x94,0x8d,0x9c,0x6c,
  0xad,0xf6,0xb5,0xd5,0xb5,0xd5,0xbd,0xb4,0xce,0xb3,0xde,0x78,0xef,0xd9,0xef,0xfa,
  0xf7,0x3b,0xf7,0x3b,0xf7,0x5c,0xff,0xff,0xff,0xff,0xff,0xff,0xff,0xff,0xff,0xff,
  0xff,0xff,0xff,0xff,0xff,0xff,0xff,0xff,0xff,0xff,0xff,0xff,0xff,0xff,0xff,0xff,
  0xff,0xff,0xff,0xff,0xff,0xff,0xff,0xff,0xff,0xff,0xff,0xff,0xff,0xff,0xff,0xff,
  0xff,0xff,0xff,0xff,0xff,0xff,0xff,0xff,0xff,0xff,0xff,0xff,0xff,0xff,0xff,0xff,
  0xff,0xff,0xff,0xff,0xff,0xff,0xff,0xff,0xff,0xff,0xff,0xff,0xff,0xff,0xff,0xff,
  0xff,0xff,0xff,0xfe,0xad,0xca,0x00,0x00,0x08,0x40,0x08,0x00,0x00,0x8c,0x39,0xff,
  0x52,0xdd,0x4a,0x9c,0x4a,0xdc,0x4a,0xfd,0x10,0x26,0x08,0x00,0x08,0x00,0x18,0x02,
  0x4a,0x5a,0x52,0xbc,0x4a,0x7b,0x4a,0x7a,0x4a,0x5a,0x4a,0x5a,0x4a,0x5a,0x4a,0x5a,
  0x49,0x39,0x7b,0x18,0xc5,0x11,0xa4,0x2d,0x9c,0x50,0xa4,0xb2,0xac,0x48,0xac,0x70,
  0xc5,0xb8,0xc5,0x98,0xbd,0x57,0xc5,0x36,0xc5,0xd5,0xd6,0x57,0xde,0xb9,0xe6,0xb9,
  0xef,0xfa,0xef,0x3b,0xef,0x5c,0xff,0xff,0xff,0xff,0xff,0xff,0xff,0xff,0xff,0xff,
  0xff,0xff,0xff,0xff,0xff,0xff,0xff,0xff,0xff,0xff,0xff,0xff,0xff,0xff,0xff,0xff,
  0xff,0xff,0xff,0xff,0xff,0xff,0xff,0xff,0xff,0xff,0xff,0xff,0xff,0xff,0xff,0xff,
  0xff,0xff,0xff,0xff,0xff,0xff,0xff,0xff,0xff,0xff,0xff,0xff,0xff,0xff,0xff,0xff,
  0xff,0xff,0xff,0xff,0xff,0xff,0xff,0xff,0xff,0xff,0xff,0xff,0xff,0xff,0xff,0xff,
  0xff,0xff,0xff,0x5b,0x62,0xe3,0x00,0x00,0x10,0x00,0x00,0x20,0x7b,0xb8,0xff,0xfe,
  0xff,0x7b,0xff,0x7b,0xff,0x9c,0xff,0xfd,0x4a,0xa8,0x00,0x00,0x00,0x00,0x29,0x03,
  0xf7,0x19,0xff,0x9b,0xff,0x1a,0xf7,0x19,0xf7,0x19,0xf7,0x39,0xf7,0x19,0xf7,0x19,
  0xf7,0xf8,0xf7,0x76,0xde,0x10,0xbd,0x8e,0xbd,0xf3,0xc5,0x0c,0xb4,0x27,0xcd,0x76,
  0xde,0xf9,0xde,0x19,0xce,0xf9,0xce,0xd9,0xc5,0x57,0xd6,0x57,0xde,0x99,0xde,0xb9,
  0xe6,0xfa,0xef,0x3b,0xef,0x5b,0xff,0xff,0xff,0xff,0xff,0xff,0xff,0xff,0xff,0xff,
  0xff,0xff,0xff,0xff,0xff,0xff,0xff,0xff,0xff,0xff,0xff,0xff,0xff,0xff,0xff,0xff,
  0xff,0xff,0xff,0xff,0xff,0xff,0xff,0xff,0xff,0xff,0xff,0xff,0xff,0xff,0xff,0xff,
  0xff,0xff,0xff,0xff,0xff,0xff,0xff,0xff,0xff,0xff,0xff,0xff,0xff,0xff,0xff,0xff,
  0xff,0xff,0xff,0xff,0xff,0xff,0xff,0xff,0xff,0xff,0xff,0xff,0xff,0xff,0xff,0xff,
  0xff,0xff,0xf7,0x58,0x20,0x40,0x00,0x00,0x00,0x00,0x08,0x23,0xde,0x5b,0xff,0x9c,
  0xf7,0x3a,0xf7,0x3a,0xff,0x5b,0xff,0xbc,0x5a,0x68,0x00,0x00,0x00,0x00,0x29,0x03,
  0xef,0xd8,0xff,0x5a,0xef,0xf9,0xef,0xf9,0xef,0xf9,0xef,0xd8,0xef,0xd8,0xef,0xd8,
  0xee,0xb8,0xde,0x76,0xde,0x11,0xd5,0x6d,0xcd,0xd2,0xc5,0xe6,0xbc,0xaa,0xde,0x97,
  0xee,0xf9,0xef,0x1a,0xee,0x1a,0xde,0x3a,0xd6,0x77,0xce,0x57,0xde,0x99,0xde,0xd9,
  0xe6,0x1a,0xef,0x3b,0xef,0x5b,0xff,0xff,0xff,0xff,0xff,0xff,0xff,0xff,0xff,0xff,
  0xff,0xff,0xff,0xff,0xff,0xff,0xff,0xff,0xff,0xff,0xff,0xff,0xff,0xff,0xff,0xff,
  0xff,0xff,0xff,0xff,0xff,0xff,0xff,0xff,0xff,0xff,0xff,0xff,0xff,0xff,0xff,0xff,
  0xff,0xff,0xff,0xff,0xff,0xff,0xff,0xff,0xff,0xff,0xff,0xff,0xff,0xff,0xff,0xff,
  0xff,0xff,0xff,0xff,0xff,0xff,0xff,0xff,0xff,0xff,0xff,0xff,0xff,0xff,0xff,0xff,
  0xff,0xff,0xd6,0x53,0x08,0x00,0x00,0x00,0x00,0x00,0x29,0x67,0xf7,0xdd,0xff,0x5b,
  0xef,0x3b,0xef,0x3a,0xf7,0x5b,0xff,0xbc,0x52,0x68,0x00,0x00,0x00,0x00,0x29,0x02,
  0xe6,0xd8,0xf7,0x5a,0xee,0xf9,0xe6,0xf9,0xe6,0xd9,0xe6,0xd8,0xe6,0xd8,0xe6,0xd8,
  0xe6,0xb7,0xde,0x76,0xde,0xf0,0xcd,0x8e,0xcd,0xed,0xb3,0x45,0xc4,0x6f,0xde,0x75,
  0xee,0xf9,0xef,0x19,0xef,0x3a,0xef,0x7b,0xd6,0x78,0xce,0x57,0xde,0x98,0xde,0xda,
  0xef,0x3b,0xef,0x5b,0xef,0x7c,0xff,0xff,0xff,0xff,0xff,0xff,0xff,0xff,0xff,0xff,
  0xff,0xff,0xff,0xff,0xff,0xff,0xff,0xff,0xff,0xff,0xff,0xff,0xff,0xff,0xff,0xff,
  0xff,0xff,0xff,0xff,0xff,0xff,0xff,0xff,0xff,0xff,0xff,0xff,0xff,0xff,0xff,0xff,
  0xff,0xff,0xff,0xff,0xff,0xff,0xff,0xff,0xff,0xff,0xff,0xff,0xff,0xff,0xff,0xff,
  0xff,0xff,0xff,0xff,0xff,0xff,0xff,0xff,0xff,0xff,0xff,0xff,0xff,0xff,0xff,0xff,
  0xff,0xff,0xb5,0xb1,0x00,0x00,0x08,0x20,0x00,0x00,0x52,0x4c,0xff,0xff,0xf7,0x5b,
  0xef,0x3a,0xef,0x3a,0xf7,0x5b,0xff,0xbc,0x52,0x67,0x00,0x00,0x00,0x00,0x21,0x02,
  0xe6,0xd8,0xf7,0x5a,0xee,0xf9,0xee,0xf9,0xee,0xd8,0xe6,0xd8,0xe6,0xd8,0xe6,0xd9,
  0xe6,0xb7,0xde,0x76,0xd5,0xf0,0xcd,0x8e,0xbc,0xe8,0xa3,0x86,0xcd,0xd1,0xde,0x55,
  0xee,0xf9,0xef,0xf9,0xef,0x3a,0xf7,0x19,0xd6,0x57,0xce,0x78,0xde,0x98,0xe6,0xd9,
  0xef,0x7c,0xef,0x7c,0xf7,0x7c,0xff,0xff,0xff,0xff,0xff,0xff,0xff,0xff,0xff,0xff,
  0xff,0xff,0xff,0xff,0xff,0xff,0xff,0xff,0xff,0xff,0xff,0xff,0xff,0xff,0xff,0xff,
  0xff,0xff,0xff,0xff,0xff,0xff,0xff,0xff,0xff,0xff,0xff,0xff,0xff,0xff,0xff,0xff,
  0xff,0xff,0xff,0xff,0xff,0xff,0xff,0xff,0xff,0xff,0xff,0xff,0xff,0xff,0xff,0xff,
  0xff,0xff,0xff,0xff,0xff,0xff,0xff,0xff,0xff,0xff,0xff,0xff,0xff,0xff,0xff,0xff,
  0xff,0xff,0x9c,0x4f,0x00,0x00,0x08,0x20,0x00,0x00,0x73,0x2e,0xff,0xff,0xef,0x3a,
  0xef,0x3a,0xef,0x3b,0xf7,0x5b,0xff,0xbc,0x52,0x67,0x00,0x00,0x00,0x00,0x21,0xe2,
  0xe6,0xd9,0xf7,0x5b,0xee,0xf8,0xe6,0xf8,0xe6,0xf9,0xe6,0xd8,0xee,0xd9,0xe6,0xd8,
  0xe6,0xd7,0xde,0x76,0xd5,0xf0,0xcd,0x0b,0xab,0x05,0xa3,0x08,0xcd,0x4f,0xde,0x34,
  0xee,0xd8,0xee,0xf9,0xef,0x19,0xef,0x7c,0xd6,0x78,0xce,0x37,0xd6,0x98,0xe6,0xfa,
  0xf7,0x7c,0xf7,0x7c,0xf7,0x9c,0xff,0xff,0xff,0xff,0xff,0xff,0xff,0xff,0xff,0xff,
  0xff,0xff,0xff,0xff,0xff,0xff,0xff,0xff,0xff,0xff,0xff,0xff,0xff,0xff,0xff,0xff,
  0xff,0xff,0xff,0xff,0xff,0xff,0xff,0xff,0xff,0xff,0xff,0xff,0xff,0xff,0xff,0xff,
  0xff,0xff,0xff,0xff,0xff,0xff,0xff,0xff,0xff,0xff,0xff,0xff,0xff,0xff,0xff,0xff,
  0xff,0xff,0xff,0xff,0xff,0xff,0xff,0xff,0xff,0xff,0xff,0xff,0xff,0xff,0xff,0xff,
  0xff,0xff,0x94,0x4f,0x00,0x00,0x08,0x20,0x00,0x00,0x8c,0x90,0xff,0xff,0xef,0x3b,
  0xef,0x3a,0xf7,0x3a,0xf7,0x5b,0xff,0xbc,0x52,0x68,0x00,0x00,0x00,0x00,0x28,0x02,
  0xe6,0xd9,0xf7,0x5a,0xee,0xf9,0xe6,0xf9,0xe6,0xf9,0xe6,0xf8,0xe6,0xf8,0xee,0xd9,
  0xde,0xb7,0xde,0x76,0xdd,0x30,0xc5,0x28,0x9b,0x06,0xac,0xeb,0xc5,0x2d,0xde,0xf2,
  0xe6,0xb7,0xee,0xf9,0xef,0x19,0xf7,0x19,0xd6,0x57,0xce,0x37,0xd6,0x98,0xe6,0xfa,
  0xf7,0x7c,0xf7,0x9c,0xf7,0x9c,0xff,0xff,0xff,0xff,0xff,0xff,0xff,0xff,0xff,0xff,
  0xff,0xff,0xff,0xff,0xff,0xff,0xff,0xff,0xff,0xff,0xff,0xff,0xff,0xff,0xff,0xff,
  0xff,0xff,0xff,0xff,0xff,0xff,0xff,0xff,0xff,0xff,0xff,0xff,0xff,0xff,0xff,0xff,
  0xff,0xff,0xff,0xff,0xff,0xff,0xff,0xff,0xff,0xff,0xff,0xff,0xff,0xff,0xff,0xff,
  0xff,0xff,0xff,0xff,0xff,0xff,0xff,0xff,0xff,0xff,0xff,0xff,0xff,0xff,0xff,0xff,
  0xff,0xff,0x8c,0x0e,0x00,0x00,0x08,0x00,0x00,0x00,0x9c,0x91,0xff,0xfe,0xef,0x3b,
  0xef,0x3a,0xef,0x3a,0xf7,0x5b,0xff,0xbc,0x52,0x68,0x00,0x00,0x00,0x00,0x29,0x02,
  0xe6,0xd9,0xf7,0x5a,0xee,0xf9,0xe6,0xf9,0xe6,0xf9,0xe6,0xd8,0xe6,0xd8,0xe6,0xd8,
  0xe6,0xb7,0xde,0x76,0xde,0xef,0xb4,0x87,0x9b,0xc8,0xbc,0xcc,0xc5,0xaa,0xd5,0xd1,
  0xe6,0xb7,0xee,0xf8,0xef,0x19,0xef,0x3a,0xd6,0x57,0xce,0x58,0xde,0x98,0xe6,0xfa,
  0xf7,0x7c,0xf7,0x9c,0xf7,0x7c,0xff,0xff,0xff,0xff,0xff,0xff,0xff,0xff,0xff,0xff,
  0xff,0xff,0xff,0xff,0xff,0xff,0xff,0xff,0xff,0xff,0xff,0xff,0xff,0xff,0xff,0xff,
  0xff,0xff,0xff,0xff,0xff,0xff,0xff,0xff,0xff,0xff,0xff,0xff,0xff,0xff,0xff,0xff,
  0xff,0xff,0xff,0xff,0xff,0xff,0xff,0xff,0xff,0xff,0xff,0xff,0xff,0xff,0xff,0xff,
  0xff,0xff,0xff,0xff,0xff,0xff,0xff,0xff,0xff,0xff,0xff,0xff,0xff,0xff,0xff,0xff,
  0xff,0xff,0x8c,0xce,0x00,0x00,0x08,0x20,0x00,0x00,0x9c,0x70,0xff,0xfe,0xef,0x3b,
  0xef,0x3a,0xef,0x3a,0xf7,0x5b,0xff,0xbc,0x52,0x68,0x00,0x00,0x00,0x00,0x29,0x02,
  0xe6,0xd8,0xf7,0x5a,0xee,0xf9,0xe6,0xf9,0xe6,0xf9,0xe6,0xd8,0xe6,0xd8,0xe6,0xd8,
  0xe6,0xb7,0xde,0x96,0xd5,0xae,0xab,0x87,0xa3,0x4a,0xbc,0x48,0xbc,0xe6,0xcd,0xd2,
  0xe6,0xb7,0xee,0xd8,0xef,0xf9,0xef,0x5a,0xd6,0x77,0xd6,0x37,0xd6,0x98,0xe6,0xfa,
  0xf7,0x7c,0xf7,0x7c,0xf7,0x7c,0xff,0xff,0xff,0xff,0xff,0xff,0xff,0xff,0xff,0xff,
  0xff,0xff,0xff,0xff,0xff,0xff,0xff,0xff,0xff,0xff,0xff,0xff,0xff,0xff,0xff,0xff,
  0xff,0xff,0xff,0xff,0xff,0xff,0xff,0xff,0xff,0xff,0xff,0xff,0xff,0xff,0xff,0xff,
  0xff,0xff,0xff,0xff,0xff,0xff,0xff,0xff,0xff,0xff,0xff,0xff,0xff,0xff,0xff,0xff,
  0xff,0xff,0xff,0xff,0xff,0xff,0xff,0xff,0xff,0xff,0xff,0xff,0xff,0xff,0xff,0xff,
  0xff,0xff,0x83,0x74,0x00,0x00,0x08,0x00,0x00,0x00,0x94,0xb5,0xff,0xfd,0xef,0x3b,
  0xef,0x3a,0xef,0x3a,0xf7,0x5b,0xff,0xbc,0x52,0x68,0x00,0x00,0x00,0x00,0x29,0x02,
  0xe6,0xd8,0xf7,0x5a,0xee,0xf9,0xe6,0xf9,0xe6,0xd8,0xe6,0xd8,0xe6,0xd8,0xe6,0xd8,
  0xe6,0xb8,0xe6,0x76,0xd5,0x8e,0xab,0x28,0xac,0x8a,0xac,0x63,0xab,0x85,0xd5,0xf2,
  0xe6,0xb7,0xe6,0xd8,0xee,0xd8,0xef,0x3a,0xd6,0x57,0xce,0x37,0xd6,0x78,0xe6,0xf9,
  0xf7,0x7c,0xf7,0x7c,0xf7,0x9c,0xff,0xff,0xff,0xff,0xff,0xff,0xff,0xff,0xff,0xff,
  0xff,0xff,0xff,0xff,0xff,0xff,0xff,0xff,0xff,0xff,0xff,0xff,0xff,0xff,0xff,0xff,
  0xff,0xff,0xff,0xff,0xff,0xff,0xff,0xff,0xff,0xff,0xff,0xff,0xff,0xff,0xff,0xff,
  0xff,0xff,0xff,0xff,0xff,0xff,0xff,0xff,0xff,0xff,0xff,0xff,0xff,0xff,0xff,0xff,
  0xff,0xff,0xff,0xff,0xff,0xff,0xff,0xff,0xff,0xff,0xff,0xff,0xff,0xff,0xff,0xff,
  0xff,0xff,0xb5,0xdd,0x00,0x53,0x00,0x0b,0x00,0xf2,0xbd,0x9c,0xff,0x7b,0xef,0x3b,
  0xef,0x3a,0xef,0x3a,0xf7,0x5b,0xff,0xbc,0x52,0x68,0x00,0x00,0x00,0x00,0x29,0x02,
  0xe6,0xd9,0xf7,0x5a,0xee,0xf9,0xe6,0xf9,0xe6,0xd8,0xe6,0xd8,0xe6,0xd8,0xe6,0xd8,
  0xe6,0xb8,0xde,0x76,0xd5,0xae,0xb4,0x89,0xb4,0x27,0xa3,0x20,0xab,0x66,0xd5,0xf1,
  0xe6,0x96,0xe6,0xd8,0xee,0xf8,0xef,0x19,0xd6,0x57,0xce,0x37,0xd6,0x78,0xe6,0xd9,
  0xf7,0x7b,0xf7,0x7c,0xf7,0x7c,0xff,0xff,0xff,0xff,0xff,0xff,0xff,0xff,0xff,0xff,
  0xff,0xff,0xff,0xff,0xff,0xff,0xff,0xff,0xff,0xff,0xff,0xff,0xff,0xff,0xff,0xff,
  0xff,0xff,0xff,0xff,0xff,0xff,0xff,0xff,0xff,0xff,0xff,0xff,0xff,0xff,0xff,0xff,
  0xff,0xff,0xff,0xff,0xff,0xff,0xff,0xff,0xff,0xff,0xff,0xff,0xff,0xff,0xff,0xff,
  0xff,0xff,0xff,0xff,0xff,0xff,0xff,0xff,0xff,0xff,0xff,0xff,0xff,0xff,0xff,0xff,
  0xff,0xff,0xff,0x5b,0xad,0xff,0x6b,0xff,0xa4,0xff,0xff,0x5b,0xf7,0x1b,0xef,0x3b,
  0xef,0x3a,0xef,0x3a,0xf7,0x5b,0xff,0xbc,0x52,0x68,0x00,0x00,0x00,0x00,0x29,0x02,
  0xe6,0xd9,0xf7,0x5a,0xee,0xf9,0xe6,0xf9,0xe6,0xf9,0xe6,0xd8,0xe6,0xd8,0xe6,0xd8,
  0xe6,0xb7,0xde,0x76,0xd5,0x6e,0xbc,0x68,0xac,0xa5,0x92,0x20,0xab,0x66,0xd5,0xd0,
  0xde,0x76,0xe6,0xb7,0xee,0xd7,0xef,0xf9,0xd6,0x36,0xce,0x36,0xd6,0x78,0xe6,0xd9,
  0xf7,0x5b,0xf7,0x7c,0xf7,0x7c,0xff,0xff,0xff,0xff,0xff,0xff,0xff,0xff,0xff,0xff,
  0xff,0xff,0xff,0xff,0xff,0xff,0xff,0xff,0xff,0xff,0xff,0xff,0xff,0xff,0xff,0xff,
  0xff,0xff,0xff,0xff,0xff,0xff,0xff,0xff,0xff,0xff,0xff,0xff,0xff,0xff,0xff,0xff,
  0xff,0xff,0xff,0xff,0xff,0xff,0xff,0xff,0xff,0xff,0xff,0xff,0xff,0xff,0xff,0xff,
  0xff,0xff,0xff,0xff,0xff,0xff,0xff,0xff,0xff,0xff,0xff,0xff,0xff,0xff,0xff,0xff,
  0xff,0xff,0xf7,0x3b,0xff,0x7c,0xff,0x5b,0xff,0x5b,0xf7,0x5b,0xf7,0x5b,0xef,0x3b,
  0xef,0x3a,0xef,0x3a,0xf7,0x5b,0xff,0xbc,0x52,0x68,0x00,0x00,0x00,0x00,0x29,0x02,
  0xe6,0xd9,0xf7,0x5a,0xee,0xf9,0xee,0xf9,0xe6,0xf9,0xe6,0xd8,0xe6,0xd8,0xee,0xd8,
  0xe6,0x97,0xde,0x76,0xd5,0x8e,0xb4,0x46,0x9b,0xc4,0x81,0xc1,0xa3,0xa5,0xcd,0x8f,
  0xde,0x76,0xe6,0xb7,0xe6,0xd8,0xee,0x1a,0xd6,0x36,0xce,0x16,0xd6,0x78,0xe6,0xd9,
  0xf7,0x5b,0xf7,0x7c,0xf7,0x7c,0xff,0xff,0xff,0xff,0xff,0xff,0xff,0xff,0xff,0xff,
  0xff,0xff,0xff,0xff,0xff,0xff,0xff,0xff,0xff,0xff,0xff,0xff,0xff,0xff,0xff,0xff,
  0xff,0xff,0xff,0xff,0xff,0xff,0xff,0xff,0xff,0xff,0xff,0xff,0xff,0xff,0xff,0xff,
  0xff,0xff,0xff,0xff,0xff,0xff,0xff,0xff,0xff,0xff,0xff,0xff,0xff,0xff,0xff,0xff,
  0xff,0xff,0xff,0xff,0xff,0xff,0xff,0xff,0xff,0xff,0xff,0xff,0xff,0xff,0xff,0xff,
  0xff,0xff,0xef,0x3b,0xf7,0x7c,0xf7,0x5c,0xf7,0x5b,0xef,0x5b,0xef,0x3a,0xef,0x3b,
  0xef,0x3a,0xef,0x3a,0xf7,0x5b,0xff,0xbc,0x52,0x68,0x00,0x00,0x00,0x00,0x29,0x02,
  0xe6,0xd9,0xf7,0x5a,0xee,0xf9,0xee,0xf9,0xe6,0xf9,0xe6,0xd8,0xe6,0xd8,0xe6,0xd8,
  0xe6,0xb7,0xde,0x96,0xd5,0x6d,0xb4,0x26,0x92,0x24,0x78,0x42,0xa3,0xe5,0xcd,0x4e,
  0xde,0x75,0xe6,0x97,0xee,0xd7,0xef,0xf9,0xce,0x36,0xce,0x16,0xd6,0x98,0xe6,0xd9,
  0xf7,0x5b,0xf7,0x7c,0xf7,0x7c,0xff,0xff,0xff,0xff,0xff,0xff,0xff,0xff,0xff,0xff,
  0xff,0xff,0xff,0xff,0xff,0xff,0x5a,0xeb,0x5a,0xeb,0x5a,0xeb,0x5a,0xeb,0x5a,0xeb,
  0x5a,0xeb,0x5a,0xeb,0x5a,0xeb,0x5a,0xeb,0x5a,0xeb,0x5a,0xeb,0xff,0xff,0xff,0xff,
  0xff,0xff,0xff,0xff,0xff,0xff,0xff,0xff,0xff,0xff,0xff,0xff,0xff,0xff,0xff,0xff,
  0xff,0xff,0xff,0xff,0xff,0xff,0xff,0xff,0xff,0xff,0xff,0xff,0xff,0xff,0xff,0xff,
  0xff,0xff,0xef,0x5b,0xf7,0x5b,0xf7,0x5b,0xef,0x5b,0xf7,0x5b,0xef,0x3b,0xef,0x3a,
  0xef,0x3a,0xef,0x3a,0xf7,0x5b,0xff,0xbc,0x52,0x68,0x00,0x00,0x00,0x00,0x29,0xe2,
  0xe6,0xd9,0xf7,0x5a,0xee,0xf9,0xee,0xf9,0xe6,0xf9,0xe6,0xd8,0xe6,0xd8,0xe6,0xd8,
  0xe6,0xb7,0xde,0x96,0xd5,0x4d,0xb4,0xe5,0x82,0xc3,0x79,0x42,0xab,0xa4,0xc5,0x4d,
  0xde,0x34,0xe6,0x96,0xe6,0xf8,0xe6,0xf9,0xce,0x15,0xce,0x15,0xd6,0x77,0xe6,0xd9,
  0xf7,0x5b,0xf7,0x7c,0xf7,0x7c,0xff,0xff,0xff,0xff,0xff,0xff,0xff,0xff,0xff,0xff,
  0xff,0xff,0xff,0xff,0xff,0xff,0x00,0x00,0x00,0x00,0x00,0x00,0x00,0x00,0x00,0x00,
  0x00,0x00,0x00,0x00,0x00,0x00,0x00,0x00,0x00,0x00,0x00,0x00,0xff,0xff,0xff,0xff,
  0xff,0xff,0xff,0xff,0xff,0xff,0xff,0xff,0xff,0xff,0xff,0xff,0xff,0xff,0xff,0xff,
  0xff,0xff,0xff,0xff,0xff,0xff,0xff,0xff,0xff,0xff,0xff,0xff,0xff,0xff,0xff,0xff,
  0xff,0xff,0xf7,0x7c,0xf7,0x5b,0xf7,0x5b,0xf7,0x5b,0xf7,0x5b,0xef,0x3b,0xef,0x3a,
  0xef,0x3a,0xef,0x3a,0xf7,0x5b,0xff,0xbc,0x52,0x68,0x00,0x00,0x00,0x00,0x20,0x02,
  0xe6,0xd9,0xf7,0x5a,0xe6,0x19,0xee,0xf9,0xe6,0xf9,0xe6,0xf9,0xe6,0xd8,0xee,0xd8,
  0xe6,0xb8,0xde,0x96,0xd5,0x6d,0xab,0xa5,0x81,0x84,0x79,0xa1,0xa3,0xa2,0xc5,0x2d,
  0xde,0x14,0xde,0x76,0xee,0xb7,0xee,0xf8,0xce,0x15,0xce,0xf5,0xd6,0x77,0xe6,0xd9,
  0xf7,0x5b,0xf7,0x7c,0xf7,0x7c,0xff,0xff,0xff,0xff,0xff,0xff,0xff,0xff,0xff,0xff,
  0xff,0xff,0xff,0xff,0xff,0xff,0x00,0x00,0x00,0x00,0x00,0x00,0x00,0x00,0x00,0x00,
  0x00,0x00,0x00,0x00,0x00,0x00,0x00,0x00,0x00,0x00,0x00,0x00,0xff,0xff,0xff,0xff,
  0xff,0xff,0xff,0xff,0xff,0xff,0xff,0xff,0xff,0xff,0xff,0xff,0xff,0xff,0xff,0xff,
  0xff,0xff,0xff,0xff,0xff,0xff,0xff,0xff,0xff,0xff,0xff,0xff,0xff,0xff,0xff,0xff,
  0xff,0xff,0xf7,0x7c,0xf7,0x5b,0xf7,0x5b,0xf7,0x5b,0xf7,0x5b,0xef,0x3b,0xef,0x5b,
  0xef,0x3a,0xef,0x3a,0xf7,0x5b,0xff,0xbc,0x52,0x68,0x00,0x00,0x00,0x00,0x29,0x02,
  0xe6,0xd9,0xf7,0x5a,0xef,0xf9,0xee,0xf9,0xe6,0xf9,0xe6,0xf9,0xe6,0xd8,0xe6,0xd8,
  0xe6,0xb7,0xde,0x96,0xd5,0x4c,0xab,0x64,0x79,0x83,0x81,0xc1,0xab,0x02,0xc5,0x0c,
  0xd6,0x14,0xde,0x76,0xe6,0xf8,0xe6,0x19,0xce,0xf4,0xc5,0xf5,0xd6,0x57,0xe6,0xd9,
  0xf7,0x5b,0xf7,0x7b,0xf7,0x7c,0xff,0xff,0xff,0xff,0xff,0xff,0xff,0xff,0xff,0xff,
  0xff,0xff,0xff,0xff,0xff,0xff,0xce,0x59,0xce,0x59,0xce,0x59,0xce,0x59,0xce,0x59,
  0x00,0x00,0xce,0x59,0xce,0x59,0xce,0x59,0xce,0x59,0xce,0x59,0xff,0xff,0xff,0xff,
  0xff,0xff,0xff,0xff,0xff,0xff,0xff,0xff,0xff,0xff,0xff,0xff,0xff,0xff,0xff,0xff,
  0xff,0xff,0xff,0xff,0xff,0xff,0xff,0xff,0xff,0xff,0xff,0xff,0xff,0xff,0xff,0xff,
  0xff,0xff,0xf7,0x7c,0xf7,0x5b,0xf7,0x5b,0xf7,0x5b,0xf7,0x5b,0xef,0x3b,0xef,0x5b,
  0xef,0x3a,0xef,0x3a,0xf7,0x5b,0xff,0xbc,0x52,0x68,0x00,0x00,0x00,0x00,0x29,0x02,
  0xe6,0xd9,0xf7,0x5b,0xe6,0xf9,0xee,0xf9,0xee,0xf9,0xe6,0xd8,0xe6,0xd8,0xe6,0xd9,
  0xe6,0xb7,0xde,0x96,0xd5,0x4d,0xab,0x24,0x79,0xa3,0x81,0xc1,0x9b,0xe1,0xc5,0xeb,
  0xd6,0x13,0xde,0xb7,0xee,0xd8,0xef,0xd8,0xcd,0xd4,0xc5,0xf5,0xd6,0x77,0xe6,0xd9,
  0xf7,0x5b,0xf7,0x7b,0xf7,0x7c,0xff,0xff,0xff,0xff,0xff,0xff,0xff,0xff,0xff,0xff,
  0xff,0xff,0xff,0xff,0xff,0xff,0xff,0xff,0xff,0xff,0xff,0xff,0xff,0xff,0xff,0xff,
  0x00,0x00,0xff,0xff,0xff,0xff,0xff,0xff,0xff,0xff,0xff,0xff,0xff,0xff,0xff,0xff,
  0xff,0xff,0xff,0xff,0xff,0xff,0xff,0xff,0xff,0xff,0xff,0xff,0xff,0xff,0xff,0xff,
  0xff,0xff,0xff,0xff,0xff,0xff,0xff,0xff,0xff,0xff,0xff,0xff,0xff,0xff,0xff,0xff,
  0xff,0xff,0xf7,0x5b,0xf7,0x5b,0xf7,0x5b,0xf7,0x5b,0xf7,0x5b,0xef,0x3b,0xef,0x3a,
  0xef,0x3a,0xef,0x3a,0xf7,0x5b,0xff,0xbc,0x52,0x68,0x00,0x00,0x00,0x00,0x29,0x02,
  0xe6,0xd9,0xf7,0x7b,0xe6,0x19,0xee,0xf9,0xee,0xf9,0xe6,0xf9,0xe6,0xd9,0xe6,0xd8,
  0xe6,0xb7,0xde,0x96,0xd5,0x2c,0xa3,0xe4,0x79,0x03,0x81,0xa1,0x9a,0x81,0xbc,0xaa,
  0xd6,0xf3,0xe6,0xb7,0xe6,0xd8,0xe6,0xb7,0xcd,0xb2,0xcd,0xd4,0xd6,0x57,0xe6,0xd9,
  0xf7,0x5b,0xf7,0x7b,0xf7,0x7c,0xff,0xff,0xff,0xff,0xff,0xff,0xff,0xff,0xff,0xff,
  0xff,0xff,0xff,0xff,0xff,0xff,0xff,0xff,0xff,0xff,0xff,0xff,0xff,0xff,0xff,0xff,
  0x00,0x00,0xff,0xff,0xff,0xff,0xff,0xff,0xff,0xff,0xff,0xff,0xff,0xff,0xff,0xff,
  0xff,0xff,0xff,0xff,0xff,0xff,0xff,0xff,0xff,0xff,0xff,0xff,0xff,0xff,0xff,0xff,
  0xff,0xff,0xff,0xff,0xff,0xff,0xff,0xff,0xff,0xff,0xff,0xff,0xff,0xff,0xff,0xff,
  0xff,0xff,0xf7,0x7c,0xf7,0x5b,0xf7,0x5b,0xf7,0x5b,0xf7,0x5b,0xef,0x3b,0xef,0x3a,
  0xef,0x3a,0xef,0x3a,0xf7,0x7b,0xff,0xbc,0x52,0x68,0x00,0x00,0x00,0x00,0x29,0x02,
  0xe6,0xf9,0xf7,0x5b,0xef,0x19,0xee,0xf9,0xee,0xf9,0xe6,0xf9,0xee,0xd9,0xe6,0xd8,
  0xe6,0xb7,0xde,0x96,0xcd,0x0c,0x9a,0xc4,0x7a,0x03,0x81,0x81,0x92,0x81,0xbc,0xca,
  0xd5,0x34,0xe6,0x97,0xe6,0xf8,0xe6,0x96,0xc5,0x92,0xc5,0xd5,0xd6,0x57,0xe6,0xd8,
  0xf7,0x5b,0xf7,0x7b,0xf7,0x7c,0xff,0xff,0xff,0xff,0xff,0xff,0xff,0xff,0xff,0xff,
  0xff,0xff,0xff,0xff,0xff,0xff,0xff,0xff,0xff,0xff,0xff,0xff,0xff,0xff,0xff,0xff,
  0x00,0x00,0xff,0xff,0xff,0xff,0xff,0xff,0xff,0xff,0xff,0xff,0xff,0xff,0xff,0xff,
  0xff,0xff,0xff,0xff,0xff,0xff,0xff,0xff,0xff,0xff,0xff,0xff,0xff,0xff,0xff,0xff,
  0xff,0xff,0xff,0xff,0xff,0xff,0xff,0xff,0xff,0xff,0xff,0xff,0xff,0xff,0xff,0xff,
  0xff,0xff,0xf7,0x7c,0xf7,0x5b,0xf7,0x5b,0xf7,0x5b,0xf7,0x5b,0xef,0x3b,0xef,0x3a,
  0xef,0x3a,0xef,0x3a,0xf7,0x5b,0xff,0xbc,0x52,0x47,0x00,0x00,0x00,0x00,0x29,0xe2,
  0xe6,0xf9,0xf7,0x7b,0xef,0x19,0xee,0xf9,0xee,0xf9,0xee,0xf9,0xee,0xd8,0xe6,0xd8,
  0xe6,0xb7,0xde,0x97,0xcd,0x0c,0x9a,0xa3,0x7a,0x03,0x79,0x81,0x92,0x82,0xc4,0x0c,
  0xd6,0x34,0xe6,0x76,0xe6,0xd7,0xe6,0x96,0xcd,0x71,0xcd,0xf5,0xd6,0x57,0xe6,0xb8,
  0xf7,0x5b,0xf7,0x5b,0xf7,0x7c,0xff,0xff,0xff,0xff,0xff,0xff,0xff,0xff,0xff,0xff,
  0xff,0xff,0xff,0xff,0xff,0xff,0x5a,0xcb,0x5a,0xcb,0x5a,0xcb,0x5a,0xcb,0x5a,0xcb,
  0x00,0x00,0x5a,0xcb,0x5a,0xcb,0x5a,0xcb,0x5a,0xcb,0x5a,0xcb,0xff,0xff,0xff,0xff,
  0xff,0xff,0xff,0xff,0xff,0xff,0xff,0xff,0xff,0xff,0xff,0xff,0xff,0xff,0xff,0xff,
  0xff,0xff,0xff,0xff,0xff,0xff,0xff,0xff,0xff,0xff,0xff,0xff,0xff,0xff,0xff,0xff,
  0xff,0xff,0xf7,0x5b,0xf7,0x5b,0xf7,0x5b,0xf7,0x5b,0xf7,0x5b,0xef,0x5b,0xef,0x3b,
  0xef,0x3a,0xef,0x3a,0xf7,0x5b,0xff,0xbc,0x52,0x47,0x00,0x00,0x00,0x00,0x20,0xa1,
  0xe6,0xd9,0xf7,0x7b,0xef,0x19,0xee,0xf9,0xee,0xf9,0xe6,0xf9,0xe6,0xd8,0xe6,0xd8,
  0xe6,0xb7,0xde,0xb6,0xcd,0xec,0x9a,0x84,0x82,0xc3,0x79,0x81,0x92,0xe1,0xc5,0x0c,
  0xd6,0x34,0xde,0x76,0xe6,0xb7,0xe6,0x96,0xc5,0x92,0xcd,0xf5,0xd6,0x57,0xde,0xd8,
  0xf7,0x5b,0xf7,0x5b,0xf7,0x5c,0xff,0xff,0xff,0xff,0xff,0xff,0xff,0xff,0xff,0xff,
  0xff,0xff,0xff,0xff,0xff,0xff,0x00,0x00,0x00,0x00,0x00,0x00,0x00,0x00,0x00,0x00,
  0x00,0x00,0x00,0x00,0x00,0x00,0x00,0x00,0x00,0x00,0x00,0x00,0xff,0xff,0xff,0xff,
  0xff,0xff,0xff,0xff,0xff,0xff,0xff,0xff,0xff,0xff,0xff,0xff,0xff,0xff,0xff,0xff,
  0xff,0xff,0xff,0xff,0xff,0xff,0xff,0xff,0xff,0xff,0xff,0xff,0xff,0xff,0xff,0xff,
  0xff,0xff,0xf7,0x7b,0xf7,0x5b,0xf7,0x5b,0xf7,0x5b,0xf7,0x5b,0xf7,0x3b,0xf7,0x5a,
  0xef,0x3a,0xef,0x3a,0xf7,0x3a,0xff,0xfd,0x52,0x4f,0x00,0x00,0x00,0x00,0x18,0x0a,
  0xe6,0x9c,0xff,0x3a,0xef,0x19,0xee,0xf9,0xee,0xf9,0xe6,0xf9,0xe6,0xd8,0xee,0xd8,
  0xde,0xb7,0xde,0xb6,0xcc,0xeb,0x9a,0xa4,0x79,0xe3,0x79,0x61,0x9a,0x23,0xbd,0x4e,
  0xd6,0x14,0xde,0x76,0xe6,0xb7,0xe6,0x95,0xc5,0x92,0xcd,0xd5,0xd6,0x57,0xe6,0xd9,
  0xf7,0x5a,0xf7,0x5b,0xf7,0x7c,0xff,0xff,0xff,0xff,0xff,0xff,0xff,0xff,0xff,0xff,
  0xff,0xff,0xff,0xff,0xff,0xff,0x00,0x00,0x00,0x00,0x00,0x00,0x00,0x00,0x00,0x00,
  0x00,0x00,0x00,0x00,0x00,0x00,0x00,0x00,0x00,0x00,0x00,0x00,0xff,0xff,0xff,0xff,
  0xff,0xff,0xff,0xff,0xff,0xff,0xff,0xff,0xff,0xff,0xff,0xff,0xff,0xff,0xff,0xff,
  0xff,0xff,0xff,0xff,0xff,0xff,0xff,0xff,0xff,0xff,0xff,0xff,0xff,0xff,0xff,0xff,
  0xff,0xff,0xf7,0x5b,0xf7,0x5c,0xf7,0x9c,0xf7,0x9c,0xf7,0x9c,0xf7,0x9c,0xef,0x9c,
  0xef,0x9b,0xef,0x7c,0xef,0x7b,0xff,0x9c,0x94,0xbd,0x00,0x77,0x00,0xf5,0x6b,0x9c,
  0xff,0x9c,0xf7,0x7b,0xef,0x5a,0xee,0x5a,0xee,0x5a,0xe6,0x3a,0xe6,0x3a,0xe6,0x19,
  0xe6,0xf8,0xde,0xd7,0xcc,0xab,0x9a,0x83,0x81,0xc3,0x79,0x41,0x9b,0x84,0xc5,0x4e,
  0xd6,0x13,0xde,0x76,0xe6,0x97,0xe6,0x75,0xc5,0xb2,0xcd,0xd5,0xd6,0x57,0xde,0xd9,
  0xef,0x5a,0xf7,0x5b,0xf7,0x7c,0xff,0xff,0xff,0xff,0xff,0xff,0xff,0xff,0xff,0xff,
  0xff,0xff,0xff,0xff,0xff,0xff,0xd6,0x9a,0xd6,0x9a,0xd6,0x9a,0xd6,0x9a,0xd6,0x9a,
  0xd6,0x9a,0xd6,0x9a,0xd6,0x9a,0xd6,0x9a,0xd6,0x9a,0xd6,0x9a,0xff,0xff,0xff,0xff,
  0xff,0xff,0xff,0xff,0xff,0xff,0xff,0xff,0xff,0xff,0xff,0xff,0xff,0xff,0xff,0xff,
  0xff,0xff,0xff,0xff,0xff,0xff,0xff,0xff,0xff,0xff,0xff,0xff,0xff,0xff,0xff,0xff,
  0xff,0xff,0xf7,0x9c,0xf7,0xff,0xff,0xbd,0xff,0x7b,0xff,0x7b,0xff,0x7b,0xff,0x7b,
  0xff,0x5b,0xf7,0x5a,0xff,0x3a,0xff,0x3a,0xff,0x5b,0xd6,0xdc,0xcd,0xfd,0xff,0x7b,
  0xff,0x19,0xf7,0x3a,0xf7,0x19,0xf7,0x19,0xf7,0x19,0xef,0x19,0xef,0x19,0xef,0xf9,
  0xee,0xd7,0xe6,0x39,0xcc,0xab,0x92,0x22,0x71,0xa3,0x71,0x40,0xa3,0x23,0xc5,0xed,
  0xd6,0xd2,0xde,0x56,0xde,0xb7,0xe6,0x75,0xc5,0xd3,0xcd,0xf5,0xd6,0x77,0xe6,0xf9,
  0xef,0x5b,0xf7,0x5b,0xf7,0x7c,0xff,0xff,0xff,0xff,0xff,0xff,0xff,0xff,0xff,0xff,
  0xff,0xff,0xff,0xff,0xff,0xff,0xff,0xff,0xff,0xff,0xff,0xff,0xff,0xff,0xff,0xff,
  0xff,0xff,0xff,0xff,0xff,0xff,0xff,0xff,0xff,0xff,0xff,0xff,0xff,0xff,0xff,0xff,
  0xff,0xff,0xff,0xff,0xff,0xff,0xff,0xff,0xff,0xff,0xff,0xff,0xff,0xff,0xff,0xff,
  0xff,0xff,0xff,0xff,0xff,0xff,0xff,0xff,0xff,0xff,0xff,0xff,0xff,0xff,0xff,0xff,
  0xff,0xff,0xf7,0xdd,0xff,0x90,0xff,0xa4,0xf7,0x84,0xf7,0xa5,0xf7,0xa5,0xf7,0xa5,
  0xf7,0x85,0xf7,0x64,0xf7,0x64,0xef,0x64,0xf7,0x64,0xff,0x64,0xff,0x64,0xff,0x64,
  0xef,0x64,0xef,0x64,0xef,0x64,0xef,0x64,0xef,0x64,0xef,0x84,0xef,0x84,0xee,0x84,
  0xe6,0x44,0xf7,0x6a,0xc4,0x0a,0x82,0xe2,0x69,0x42,0x69,0x20,0x93,0xc4,0xb4,0x4b,
  0xcd,0x71,0xde,0x15,0xe6,0x96,0xe6,0x75,0xcd,0x14,0xcd,0x36,0xd6,0x97,0xe6,0x1a,
  0xef,0x5b,0xf7,0x5b,0xf7,0x7c,0xff,0xff,0xff,0xff,0xff,0xff,0xff,0xff,0xff,0xff,
  0xff,0xff,0xff,0xff,0xff,0xff,0xff,0xff,0xff,0xff,0xff,0xff,0xff,0xff,0xff,0xff,
  0xff,0xff,0xff,0xff,0xff,0xff,0xff,0xff,0xff,0xff,0xff,0xff,0xff,0xff,0xff,0xff,
  0xff,0xff,0xff,0xff,0xff,0xff,0xff,0xff,0xff,0xff,0xff,0xff,0xff,0xff,0xff,0xff,
  0xff,0xff,0xff,0xff,0xff,0xff,0xff,0xff,0xff,0xff,0xff,0xff,0xff,0xff,0xff,0xff,
  0xff,0xff,0xff,0xb1,0x9c,0x00,0x31,0x00,0x39,0x00,0x39,0x00,0x39,0x00,0x41,0x00,
  0x39,0x00,0x31,0x00,0x31,0x00,0x39,0x00,0x31,0x00,0x39,0x00,0x31,0x00,0x31,0x00,
  0x31,0x00,0x31,0x00,0x39,0x00,0x31,0x00,0x31,0x00,0x39,0x00,0x39,0x00,0x39,0x00,
  0x39,0x00,0x73,0x60,0xac,0x85,0x71,0xe3,0x59,0x02,0x59,0x60,0x7a,0xa4,0x9c,0xaa,
  0xc5,0x8e,0xd6,0xb3,0xe6,0x56,0xe6,0x55,0xd6,0x55,0xd6,0x98,0xde,0xd8,0xef,0x1a,
  0xef,0x3a,0xf7,0x3b,0xf7,0x5b,0xff,0xff,0xff,0xff,0xff,0xff,0xff,0xff,0xff,0xff,
  0xff,0xff,0xff,0xff,0xff,0xff,0xff,0xff,0xad,0x55,0x31,0xa6,0x18,0xc3,0x39,0xc7,
  0xb5,0x96,0xff,0xff,0xff,0xff,0xff,0xff,0x4a,0x69,0x73,0x8e,0xff,0xff,0xff,0xff,
  0xff,0xff,0xff,0xff,0xff,0xff,0xff,0xff,0xff,0xff,0xff,0xff,0xff,0xff,0xff,0xff,
  0xff,0xff,0xff,0xff,0xff,0xff,0xff,0xff,0xff,0xff,0xff,0xff,0xff,0xff,0xff,0xff,
  0xff,0xff,0x9c,0x2c,0x00,0x00,0x00,0x40,0x00,0x40,0x00,0x40,0x00,0x40,0x00,0x40,
  0x00,0x40,0x00,0x40,0x00,0x40,0x00,0x40,0x00,0x40,0x00,0x40,0x00,0x40,0x00,0x40,
  0x00,0x40,0x00,0x40,0x00,0x40,0x00,0x40,0x00,0x40,0x00,0x40,0x00,0x40,0x00,0x40,
  0x00,0x40,0x10,0xe1,0x7a,0x44,0x61,0x03,0x49,0x21,0x51,0x60,0x6a,0x84,0x8b,0x69,
  0xa4,0x4d,0xc5,0x11,0xde,0xb4,0xde,0xf4,0xde,0x75,0xde,0xd8,0xe6,0xf9,0xef,0x19,
  0xef,0x1a,0xef,0x3b,0xf7,0x3b,0xff,0xff,0xff,0xff,0xff,0xff,0xff,0xff,0xff,0xff,
  0xff,0xff,0xff,0xff,0xff,0xff,0xbd,0xd7,0x00,0x00,0x00,0x00,0x00,0x00,0x00,0x00,
  0x00,0x00,0xce,0x59,0xff,0xff,0xff,0xff,0x7b,0xef,0x31,0x86,0xff,0xff,0xff,0xff,
  0xff,0xff,0xff,0xff,0xff,0xff,0xff,0xff,0xff,0xff,0xff,0xff,0xff,0xff,0xff,0xff,
  0xff,0xff,0xff,0xff,0xff,0xff,0xff,0xff,0xff,0xff,0xff,0xff,0xff,0xff,0xff,0xff,
  0xff,0xff,0x6b,0x2f,0x00,0x00,0x10,0x20,0x10,0x40,0x10,0x40,0x10,0x60,0x10,0x20,
  0x10,0x00,0x10,0x00,0x10,0x00,0x10,0x00,0x10,0x00,0x10,0x00,0x08,0x00,0x10,0x00,
  0x10,0x00,0x10,0x00,0x10,0x00,0x10,0x00,0x10,0x00,0x10,0x00,0x10,0x00,0x10,0x00,
  0x10,0x00,0x20,0x61,0x6a,0x26,0x6a,0x44,0x49,0x02,0x51,0x81,0x6a,0xa4,0x83,0x89,
  0x9c,0x4d,0xad,0xb0,0xc5,0x32,0xd5,0x72,0xde,0x35,0xe6,0x98,0xe6,0xb8,0xe7,0xd8,
  0xef,0xd9,0xef,0x1a,0xef,0x3b,0xff,0xff,0xff,0xff,0xff,0xff,0xff,0xff,0xff,0xff,
  0xff,0xff,0xff,0xff,0xff,0xff,0x42,0x08,0x10,0xa2,0x52,0x8a,0x08,0x61,0x00,0x00,
  0x00,0x00,0x52,0xaa,0xff,0xff,0xff,0xff,0xce,0x59,0x10,0xa2,0xff,0xff,0xff,0xff,
  0xff,0xff,0xff,0xff,0xff,0xff,0xff,0xff,0xff,0xff,0xff,0xff,0xff,0xff,0xff,0xff,
  0xff,0xff,0xff,0xff,0xff,0xff,0xff,0xff,0xff,0xff,0xff,0xff,0xff,0xff,0xff,0xff,
  0xff,0xff,0x8c,0x5b,0x00,0x23,0x10,0x00,0x10,0x40,0x08,0x40,0x10,0x00,0x08,0x23,
  0x00,0xc9,0x00,0xe6,0x00,0x06,0x00,0xe6,0x00,0xe6,0x00,0xe6,0x00,0xe6,0x00,0xe6,
  0x00,0xe6,0x00,0xe6,0x00,0xe6,0x00,0xe6,0x00,0xe6,0x00,0xe6,0x00,0xe6,0x00,0xc5,
  0x00,0xc5,0x18,0x0c,0x8b,0xcb,0x72,0x43,0x51,0xa3,0x59,0x01,0x72,0x05,0x8b,0x0b,
  0x9c,0x8e,0xa4,0xf1,0xb5,0x11,0xc5,0x30,0xd6,0xd4,0xde,0x56,0xde,0x77,0xe6,0xb8,
  0xe6,0xd9,0xe7,0xfa,0xef,0x1a,0xff,0xff,0xff,0xff,0xff,0xff,0xff,0xff,0xff,0xff,
  0xff,0xff,0xff,0xff,0xff,0xff,0x10,0xa2,0xce,0x59,0xff,0xff,0xa5,0x34,0x00,0x00,
  0x00,0x00,0x08,0x41,0xff,0xdf,0xff,0xff,0xef,0x7d,0x08,0x41,0xff,0xff,0xff,0xff,
  0xff,0xff,0xff,0xff,0xff,0xff,0xff,0xff,0xff,0xff,0xff,0xff,0xff,0xff,0xff,0xff,
  0xff,0xff,0xff,0xff,0xff,0xff,0xff,0xff,0xff,0xff,0xff,0xff,0xff,0xff,0xff,0xff,
  0xff,0xff,0xf7,0xff,0x29,0xf6,0x00,0x00,0x10,0x00,0x10,0x40,0x00,0x00,0x29,0x80,
  0x62,0x98,0x49,0xff,0x4a,0x9b,0x41,0x7b,0x41,0x7c,0x49,0x7b,0x49,0x7b,0x49,0x7b,
  0x49,0x7b,0x41,0x7b,0x41,0x5a,0x41,0x5a,0x41,0x5a,0x41,0x3a,0x41,0x3a,0x41,0x39,
  0x49,0x18,0x8c,0x39,0xc4,0x2c,0x7a,0xc3,0x61,0x43,0x6a,0xc2,0x83,0x86,0x94,0x8c,
  0x9c,0xef,0xac,0x31,0xad,0x11,0xb5,0x10,0xcd,0xb4,0xd6,0x15,0xd6,0x57,0xde,0x98,
  0xde,0xd9,0xe6,0xfa,0xef,0x3b,0xff,0xff,0xff,0xff,0xff,0xff,0xff,0xff,0xff,0xff,
  0xff,0xff,0xff,0xff,0xff,0xff,0x00,0x00,0xf7,0xbe,0xff,0xff,0xf7,0xbe,0x00,0x20,
  0x00,0x00,0x00,0x00,0xbd,0xd7,0xff,0xff,0xf7,0x9e,0x00,0x00,0xff,0xff,0xff,0xff,
  0xff,0xff,0xff,0xff,0xff,0xff,0xff,0xff,0xff,0xff,0xff,0xff,0xff,0xff,0xff,0xff,
  0xff,0xff,0xff,0xff,0xff,0xff,0xff,0xff,0xff,0xff,0xff,0xff,0xff,0xff,0xff,0xff,
  0xff,0xff,0xff,0x7c,0xc5,0xff,0x00,0x4f,0x00,0x00,0x10,0x00,0x00,0x40,0x18,0x00,
  0xd6,0xc3,0xff,0x5a,0xff,0xff,0xff,0x5b,0xf7,0x7b,0xff,0x7b,0xf7,0x7b,0xff,0x7b,
  0xff,0x7b,0xf7,0x5a,0xf7,0x5a,0xf7,0x5a,0xf7,0x3a,0xf7,0x39,0xf7,0x19,0xef,0x19,
  0xef,0xd7,0xf7,0x96,0xd5,0x2c,0x92,0x04,0x7a,0xa4,0x82,0x03,0x9b,0x08,0xac,0x0e,
  0xb4,0xb2,0xad,0xb3,0xb5,0x72,0xb5,0x30,0xc5,0xb4,0xce,0xf5,0xd6,0x56,0xde,0x98,
  0xde,0xd9,0xe6,0xfa,0xef,0x3b,0xff,0xff,0xff,0xff,0xff,0xff,0xff,0xff,0xff,0xff,
  0xff,0xff,0xff,0xff,0xff,0xff,0x08,0x41,0xde,0xdb,0xff,0xff,0xff,0xff,0x39,0xe7,
  0x00,0x00,0x00,0x00,0x4a,0x49,0xef,0x7d,0x8c,0x51,0x10,0xa2,0xff,0xff,0xff,0xff,
  0xff,0xff,0xff,0xff,0xff,0xff,0xff,0xff,0xff,0xff,0xff,0xff,0xff,0xff,0xff,0xff,
  0xff,0xff,0xff,0xff,0xff,0xff,0xff,0xff,0xff,0xff,0xff,0xff,0xff,0xff,0xff,0xff,
  0xff,0xff,0xf7,0x7b,0xff,0x9c,0x94,0xff,0x00,0x2b,0x08,0x00,0x10,0x40,0x00,0x40,
  0x20,0x00,0xef,0x85,0xff,0xbc,0xf7,0xdd,0xf7,0x3a,0xf7,0x3a,0xf7,0x1a,0xf7,0x3a,
  0xf7,0x1a,0xf7,0x1a,0xf7,0x19,0xf7,0xf9,0xf7,0xf9,0xef,0xf9,0xef,0xd8,0xef,0xd8,
  0xee,0x97,0xde,0x96,0xcd,0x2c,0xa3,0x65,0x8a,0xe4,0x93,0x03,0xa4,0x07,0xbd,0x4f,
  0xcd,0xf3,0xc5,0x35,0xbd,0xf4,0xbd,0x71,0xc5,0xd4,0xcd,0x16,0xd6,0x57,0xde,0xb8,
  0xe6,0xf9,0xe6,0x1a,0xef,0x5b,0xff,0xff,0xff,0xff,0xff,0xff,0xff,0xff,0xff,0xff,
  0xff,0xff,0xff,0xff,0xff,0xff,0x18,0xe3,0x9c,0xf3,0xff,0xff,0xff,0xff,0x84,0x30,
  0x00,0x00,0x00,0x00,0x00,0x00,0x00,0x00,0x00,0x00,0x4a,0x69,0xff,0xff,0xff,0xff,
  0xff,0xff,0xff,0xff,0xff,0xff,0xff,0xff,0xff,0xff,0xff,0xff,0xff,0xff,0xff,0xff,
  0xff,0xff,0xff,0xff,0xff,0xff,0xff,0xff,0xff,0xff,0xff,0xff,0xff,0xff,0xff,0xff,
  0xff,0xff,0xef,0x5c,0xff,0x5b,0xff,0xdd,0x6b,0xfe,0x00,0x07,0x08,0x00,0x10,0x40,
  0x00,0x20,0x39,0x00,0xff,0xa8,0xff,0xfe,0xef,0x9c,0xef,0x1a,0xef,0x3a,0xef,0x1a,
  0xef,0x1a,0xef,0x1a,0xef,0x1a,0xe6,0x19,0xe6,0xf9,0xee,0xf9,0xe6,0xd8,0xe6,0xd8,
  0xe6,0x97,0xde,0x96,0xcd,0x4d,0xa3,0x85,0x92,0x03,0x93,0x44,0xa4,0x08,0xc5,0x2e,
  0xd5,0xf3,0xd6,0x56,0xcd,0x55,0xc5,0xf3,0xc5,0x15,0xce,0x36,0xd6,0x77,0xde,0xd9,
  0xe6,0x1a,0xef,0x5b,0xef,0x5b,0xff,0xff,0xff,0xff,0xff,0xff,0xff,0xff,0xff,0xff,
  0xff,0xff,0xff,0xff,0xff,0xff,0x39,0xc7,0x39,0xc7,0xff,0xff,0xff,0xff,0xef,0x5d,
  0x10,0xa2,0x00,0x00,0x00,0x00,0x00,0x00,0x08,0x41,0xce,0x59,0xff,0xff,0xff,0xff,
  0xff,0xff,0xff,0xff,0xff,0xff,0xff,0xff,0xff,0xff,0xff,0xff,0xff,0xff,0xff,0xff,
  0xff,0xff,0xff,0xff,0xff,0xff,0xff,0xff,0xff,0xff,0xff,0xff,0xff,0xff,0xff,0xff,
  0xff,0xff,0xf7,0x5b,0xf7,0x5b,0xff,0x5b,0xff,0xfe,0x4a,0x5b,0x00,0x03,0x10,0x00,
  0x10,0x60,0x00,0x20,0x5a,0x00,0xff,0x8c,0xf7,0xff,0xef,0x5b,0xef,0x3a,0xef,0x3a,
  0xef,0x3a,0xef,0x19,0xef,0x19,0xef,0xf9,0xee,0xf9,0xe6,0xd8,0xe6,0xd8,0xe6,0xb8,
  0xde,0x97,0xde,0x96,0xcd,0x2d,0xab,0x85,0x93,0x85,0x9b,0x44,0xac,0x08,0xc5,0x2e,
  0xd5,0xf3,0xde,0x55,0xde,0x54,0xd5,0x55,0xce,0x76,0xce,0x56,0xd6,0xb8,0xe6,0x1a,
  0xef,0x3b,0xef,0x5b,0xf7,0x5b,0xff,0xff,0xff,0xff,0xff,0xff,0xff,0xff,0xff,0xff,
  0xff,0xff,0xff,0xff,0xff,0xff,0xff,0xff,0xff,0xff,0xff,0xff,0xff,0xff,0xff,0xff,
  0xe7,0x3c,0x73,0xae,0x52,0x8a,0x6b,0x6d,0xd6,0xba,0xff,0xff,0xff,0xff,0xff,0xff,
  0xff,0xff,0xff,0xff,0xff,0xff,0xff,0xff,0xff,0xff,0xff,0xff,0xff,0xff,0xff,0xff,
  0xff,0xff,0xff,0xff,0xff,0xff,0xff,0xff,0xff,0xff,0xff,0xff,0xff,0xff,0xff,0xff,
  0xff,0xff,0xef,0x5b,0xf7,0x7b,0xef,0x5b,0xff,0x3b,0xf7,0xff,0x29,0x98,0x00,0x40,
  0x10,0x00,0x08,0x40,0x00,0x00,0x7b,0x00,0xff,0x90,0xf7,0xff,0xef,0x3a,0xef,0x1a,
  0xef,0x1a,0xef,0x19,0xef,0x19,0xee,0xf9,0xee,0xf9,0xe6,0xf9,0xe6,0xd8,0xe6,0xd8,
  0xde,0x97,0xde,0x96,0xcd,0x4c,0xab,0xc6,0x9b,0xa6,0x9b,0x65,0xac,0xe8,0xc5,0x4f,
  0xd5,0xf3,0xde,0x54,0xde,0x34,0xde,0x55,0xde,0xb7,0xd6,0xb7,0xde,0xf9,0xef,0x3a,
  0xef,0x5b,0xf7,0x5b,0xef,0x3b,0xff,0xff,0xff,0xff,0xff,0xff,0xff,0xff,0xff,0xff,
  0xff,0xff,0xff,0xff,0xff,0xff,0xff,0xff,0xff,0xff,0xff,0xff,0xff,0xff,0xff,0xff,
  0xce,0x79,0xce,0x79,0xff,0xff,0xff,0xff,0xff,0xff,0xff,0xff,0xff,0xff,0xff,0xff,
  0xff,0xff,0xff,0xff,0xff,0xff,0xff,0xff,0xff,0xff,0xff,0xff,0xff,0xff,0xff,0xff,
  0xff,0xff,0xff,0xff,0xff,0xff,0xff,0xff,0xff,0xff,0xff,0xff,0xff,0xff,0xff,0xff,
  0xff,0xff,0xef,0x7c,0xf7,0x5b,0xf7,0x5b,0xef,0x5b,0xff,0x5b,0xde,0xff,0x10,0xb4,
  0x00,0x00,0x10,0x00,0x00,0x60,0x00,0x00,0x9c,0x00,0xff,0xd4,0xf7,0xff,0xef,0x1a,
  0xef,0x1a,0xef,0x1a,0xef,0x19,0xee,0xf9,0xee,0xf9,0xe6,0xd8,0xe6,0xd8,0xe6,0xb8,
  0xe6,0x97,0xde,0x96,0xcd,0x4d,0xab,0x07,0x9b,0x86,0x9b,0x85,0xab,0x6a,0xc5,0x4f,
  0xd5,0x14,0xde,0x55,0xde,0x33,0xe6,0x75,0xe6,0xd8,0xe6,0xd8,0xe6,0x1a,0xef,0x3a,
  0xf7,0x5b,0xef,0x3a,0xef,0x1a,0xff,0xff,0xff,0xff,0xff,0xff,0xff,0xff,0xff,0xff,
  0xff,0xff,0xff,0xff,0xff,0xff,0xff,0xff,0xff,0xff,0xff,0xff,0xff,0xff,0xff,0xff,
  0x00,0x00,0x00,0x00,0xff,0xff,0xff,0xff,0xff,0xff,0xff,0xff,0xff,0xff,0xff,0xff,
  0xff,0xff,0xff,0xff,0xff,0xff,0xff,0xff,0xff,0xff,0xff,0xff,0xff,0xff,0xff,0xff,
  0xff,0xff,0xff,0xff,0xff,0xff,0xff,0xff,0xff,0xff,0xff,0xff,0xff,0xff,0xff,0xff,
  0xff,0xff,0xf7,0x5c,0xf7,0x5b,0xf7,0x5b,0xef,0x5b,0xf7,0x5b,0xff,0x5b,0xbd,0xff,
  0x00,0x70,0x00,0x00,0x10,0x00,0x00,0x40,0x00,0x00,0xc5,0x61,0xff,0xb8,0xef,0xfd,
  0xef,0x1a,0xef,0x1a,0xef,0x19,0xee,0xf9,0xe6,0xf9,0xe6,0xf9,0xe6,0xd8,0xe6,0xd8,
  0xe6,0x97,0xde,0x76,0xcd,0x6d,0xb4,0x07,0x9b,0xc8,0x9b,0x86,0xb4,0x69,0xc5,0x4f,
  0xd6,0x13,0xde,0x35,0xde,0x13,0xde,0x55,0xe6,0xb8,0xe6,0xd8,0xef,0x1a,0xef,0x3a,
  0xf7,0x3b,0xef,0xfa,0xe7,0x1a,0xff,0xff,0xff,0xff,0xff,0xff,0xff,0xff,0xff,0xff,
  0xff,0xff,0xff,0xff,0xff,0xff,0xff,0xff,0xff,0xff,0xff,0xff,0xff,0xff,0xff,0xff,
  0x00,0x00,0x00,0x00,0xff,0xff,0xff,0xff,0xff,0xff,0xff,0xff,0xff,0xff,0xff,0xff,
  0xff,0xff,0xff,0xff,0xff,0xff,0xff,0xff,0xff,0xff,0xff,0xff,0xff,0xff,0xff,0xff,
  0xff,0xff,0xff,0xff,0xff,0xff,0xff,0xff,0xff,0xff,0xff,0xff,0xff,0xff,0xff,0xff,
  0xff,0xff,0xf7,0x7c,0xf7,0x5b,0xf7,0x5c,0xf7,0x5b,0xef,0x5b,0xf7,0x3b,0xff,0x9c,
  0x94,0xff,0x00,0x4b,0x08,0x00,0x10,0x20,0x00,0x60,0x10,0x00,0xde,0x24,0xff,0x7b,
  0xe7,0xdc,0xef,0xf9,0xef,0xf9,0xee,0x19,0xee,0xf9,0xe6,0xd8,0xe6,0xd8,0xe6,0xb8,
  0xe6,0x97,0xde,0x76,0xcd,0x6d,0xb4,0x28,0xa3,0xe8,0x9b,0xe7,0xb4,0x69,0xc5,0x70,
  0xd6,0x13,0xde,0x34,0xde,0x13,0xde,0x75,0xe6,0xb7,0xe6,0xd9,0xef,0x1a,0xef,0x3b,
  0xef,0xfa,0xe6,0xfa,0xe7,0x1a,0xff,0xff,0xff,0xff,0xff,0xff,0xff,0xff,0xff,0xff,
  0xff,0xff,0xff,0xff,0xff,0xff,0xff,0xff,0xff,0xff,0xff,0xff,0xff,0xff,0xff,0xff,
  0x00,0x00,0x00,0x00,0xff,0xff,0xff,0xff,0xff,0xff,0xff,0xff,0xff,0xff,0xff,0xff,
  0xff,0xff,0xff,0xff,0xff,0xff,0xff,0xff,0xff,0xff,0xff,0xff,0xff,0xff,0xff,0xff,
  0xff,0xff,0xff,0xff,0xff,0xff,0xff,0xff,0xff,0xff,0xff,0xff,0xff,0xff,0xff,0xff,
  0xff,0xff,0xf7,0x7b,0xf7,0x5c,0xf7,0x5b,0xf7,0x5b,0xf7,0x5b,0xef,0x5b,0xf7,0x3a,
  0xff,0x9d,0x73,0xfe,0x00,0x47,0x08,0x00,0x10,0x40,0x00,0x40,0x29,0x00,0xf7,0x47,
  0xff,0xfd,0xee,0x7b,0xee,0xf9,0xef,0x19,0xe6,0xf9,0xe6,0xd8,0xe6,0xd8,0xe6,0xd8,
  0xde,0xb7,0xde,0x76,0xcd,0x6d,0xb4,0x69,0xa3,0x09,0xa3,0xc7,0xb4,0x8a,0xcd,0x70,
  0xd6,0x14,0xd6,0x35,0xde,0x13,0xde,0x75,0xe6,0xb7,0xe6,0xf9,0xef,0x1a,0xef,0xfa,
  0xe6,0xd9,0xe6,0xfa,0xe7,0x1a,0xff,0xff,0xff,0xff,0xff,0xff,0xff,0xff,0xff,0xff,
  0xff,0xff,0xff,0xff,0xff,0xff,0xff,0xff,0xff,0xff,0xff,0xff,0xff,0xff,0xff,0xff,
  0x00,0x00,0x00,0x00,0xff,0xff,0xff,0xff,0xff,0xff,0xff,0xff,0xff,0xff,0xff,0xff,
  0xff,0xff,0xff,0xff,0xff,0xff,0xff,0xff,0xff,0xff,0xff,0xff,0xff,0xff,0xff,0xff,
  0xff,0xff,0xff,0xff,0xff,0xff,0xff,0xff,0xff,0xff,0xff,0xff,0xff,0xff,0xff,0xff,
  0xff,0xff,0xf7,0x5b,0xf7,0x5b,0xf7,0x5b,0xf7,0x5b,0xf7,0x5b,0xf7,0x5b,0xef,0x3b,
  0xff,0x1a,0xff,0xfd,0x52,0x9b,0x00,0x44,0x08,0x00,0x10,0x40,0x00,0x40,0x52,0x00,
  0xff,0x4b,0xff,0xfe,0xee,0x5a,0xe7,0xf9,0xee,0xf9,0xe6,0xd8,0xe6,0xd8,0xe6,0xb8,
  0xde,0x96,0xde,0x75,0xd5,0x8e,0xb4,0x68,0xac,0x29,0xa3,0x28,0xb4,0xab,0xc5,0x90,
  0xd6,0x14,0xde,0x35,0xde,0x34,0xe6,0x75,0xe6,0xb7,0xe6,0xf9,0xef,0x1a,0xe6,0xd9,
  0xde,0xb8,0xe6,0xfa,0xe7,0x3b,0xff,0xff,0xff,0xff,0xff,0xff,0xff,0xff,0xff,0xff,
  0xff,0xff,0xff,0xff,0xff,0xff,0xff,0xff,0xff,0xff,0xff,0xff,0xff,0xff,0xff,0xff,
  0x94,0xb2,0x94,0xb2,0xff,0xff,0xff,0xff,0xff,0xff,0xff,0xff,0xff,0xff,0xff,0xff,
  0xff,0xff,0xff,0xff,0xff,0xff,0xff,0xff,0xff,0xff,0xff,0xff,0xff,0xff,0xff,0xff,
  0xff,0xff,0xff,0xff,0xff,0xff,0xff,0xff,0xff,0xff,0xff,0xff,0xff,0xff,0xff,0xff,
  0xff,0xff,0xf7,0x7c,0xf7,0x5b,0xf7,0x5b,0xf7,0x5b,0xf7,0x5b,0xf7,0x5b,0xef,0x5b,
  0xef,0x3b,0xff,0x1a,0xf7,0xfe,0x31,0xb8,0x00,0x81,0x10,0x00,0x08,0x40,0x00,0x00,
  0x73,0x00,0xff,0x6f,0xef,0xfe,0xee,0x19,0xee,0xf8,0xe6,0xd8,0xe6,0xd8,0xe6,0xb8,
  0xde,0x96,0xde,0x75,0xd5,0x8e,0xb4,0xa9,0xac,0x4a,0xac,0x49,0xb4,0xab,0xc5,0x90,
  0xd6,0x14,0xd6,0x34,0xde,0x34,0xe6,0x75,0xe6,0x97,0xee,0xf9,0xef,0xf9,0xe6,0xb8,
  0xde,0xb8,0xe6,0xfa,0xef,0x5b,0xff,0xff,0xff,0xff,0xff,0xff,0xff,0xff,0xff,0xff,
  0xff,0xff,0xff,0xff,0xff,0xff,0xff,0xff,0xff,0xff,0xff,0xff,0xff,0xff,0xff,0xff,
  0xff,0xff,0xff,0xff,0xff,0xff,0xff,0xff,0xff,0xff,0xff,0xff,0xff,0xff,0xff,0xff,
  0xff,0xff,0xff,0xff,0xff,0xff,0xff,0xff,0xff,0xff,0xff,0xff,0xff,0xff,0xff,0xff,
  0xff,0xff,0xff,0xff,0xff,0xff,0xff,0xff,0xff,0xff,0xff,0xff,0xff,0xff,0xff,0xff,
  0xff,0xff,0xf7,0x5c,0xf7,0x5b,0xf7,0x5b,0xf7,0x5b,0xf7,0x5b,0xef,0x5b,0xef,0x5b,
  0xef,0x3a,0xef,0x5b,0xff,0x3a,0xde,0xff,0x10,0xd5,0x00,0x00,0x10,0x00,0x08,0x60,
  0x00,0x00,0x94,0x00,0xff,0x93,0xef,0xfe,0xe6,0xd8,0xe6,0xd9,0xe6,0xd8,0xe6,0xb8,
  0xde,0x97,0xde,0x76,0xd5,0x8e,0xbc,0xca,0xac,0x6b,0xac,0x29,0xb4,0xcc,0xcd,0xb1,
  0xd6,0x14,0xde,0x13,0xde,0xf3,0xde,0x55,0xe6,0x97,0xee,0xd8,0xe6,0xb8,0xde,0x98,
  0xde,0xd9,0xe6,0x1a,0xef,0x5b,0xff,0xff,0xff,0xff,0xff,0xff,0xff,0xff,0xff,0xff,
  0xff,0xff,0xff,0xff,0xff,0xff,0xff,0xff,0xff,0xff,0xff,0xff,0xf7,0x9e,0xc6,0x38,
  0xbd,0xd7,0xc6,0x38,0xef,0x7d,0xff,0xff,0xff,0xff,0xff,0xff,0xff,0xff,0xff,0xff,
  0xff,0xff,0xff,0xff,0xff,0xff,0xff,0xff,0xff,0xff,0xff,0xff,0xff,0xff,0xff,0xff,
  0xff,0xff,0xff,0xff,0xff,0xff,0xff,0xff,0xff,0xff,0xff,0xff,0xff,0xff,0xff,0xff,
  0xff,0xff,0xf7,0x7c,0xf7,0x7c,0xf7,0x5b,0xf7,0x5b,0xef,0x5b,0xef,0x5b,0xef,0x3b,
  0xf7,0x5b,0xef,0x3a,0xef,0x3a,0xff,0x3b,0xc5,0xff,0x00,0xb0,0x00,0x00,0x10,0x00,
  0x00,0x40,0x00,0x00,0xbd,0x61,0xff,0x76,0xe6,0xfd,0xee,0xd8,0xe6,0xd8,0xe6,0xb8,
  0xe6,0x97,0xde,0x56,0xd5,0xae,0xbc,0xaa,0xb4,0x8b,0xac,0x6a,0xb4,0xec,0xcd,0xb1,
  0xd6,0xf3,0xd6,0xb2,0xd5,0xb2,0xde,0x14,0xe6,0x56,0xe6,0x97,0xde,0x57,0xd6,0x98,
  0xde,0xf9,0xef,0x3b,0xf7,0x7c,0xff,0xff,0xff,0xff,0xff,0xff,0xff,0xff,0xff,0xff,
  0xff,0xff,0xff,0xff,0xff,0xff,0xff,0xff,0xd6,0xba,0x42,0x28,0x00,0x00,0x00,0x00,
  0x00,0x00,0x00,0x00,0x00,0x00,0x42,0x28,0xd6,0x9a,0xff,0xff,0xff,0xff,0xff,0xff,
  0xff,0xff,0xff,0xff,0xff,0xff,0xff,0xff,0xff,0xff,0xff,0xff,0xff,0xff,0xff,0xff,
  0xff,0xff,0xff,0xff,0xff,0xff,0xff,0xff,0xff,0xff,0xff,0xff,0xff,0xff,0xff,0xff,
  0xff,0xff,0xf7,0x5b,0xf7,0x5b,0xf7,0x5b,0xef,0x5b,0xf7,0x5b,0xef,0x5b,0xef,0x3b,
  0xef,0x3b,0xef,0x3a,0xef,0x3b,0xf7,0x3a,0xff,0x5b,0x9c,0xff,0x00,0xac,0x00,0x00,
  0x10,0x20,0x00,0x40,0x10,0x00,0xde,0x03,0xff,0x39,0xe6,0x9b,0xe6,0xd8,0xe6,0xb8,
  0xe6,0x96,0xde,0x56,0xd5,0xaf,0xbc,0xeb,0xb4,0xac,0xb4,0xab,0xbc,0x0d,0xcd,0x71,
  0xcd,0x72,0xcd,0x30,0xcd,0x51,0xd6,0x93,0xde,0xf5,0xde,0x36,0xd6,0x57,0xd6,0x98,
  0xe6,0xfa,0xef,0x5b,0xf7,0x7b,0xff,0xff,0xff,0xff,0xff,0xff,0xff,0xff,0xff,0xff,
  0xff,0xff,0xff,0xff,0xff,0xff,0xd6,0xba,0x08,0x61,0x00,0x00,0x00,0x00,0x00,0x00,
  0x00,0x00,0x00,0x00,0x00,0x00,0x00,0x00,0x08,0x61,0xd6,0x9a,0xff,0xff,0xff,0xff,
  0xff,0xff,0xff,0xff,0xff,0xff,0xff,0xff,0xff,0xff,0xff,0xff,0xff,0xff,0xff,0xff,
  0xff,0xff,0xff,0xff,0xff,0xff,0xff,0xff,0xff,0xff,0xff,0xff,0xff,0xff,0xff,0xff,
  0xff,0xff,0xf7,0x7c,0xf7,0x98,0xf7,0x1a,0xf7,0x7c,0xf7,0x5b,0xef,0x5b,0xef,0x3a,
  0xef,0x5b,0xef,0x3a,0xf7,0x3a,0xef,0x3a,0xf7,0x1a,0xff,0x9c,0x7b,0xfe,0x00,0xa9,
  0x08,0x00,0x10,0x40,0x00,0x40,0x21,0x00,0xef,0x06,0xff,0x9b,0xe6,0x5a,0xe6,0xb7,
  0xde,0x97,0xde,0x56,0xd5,0xaf,0xc4,0x0c,0xb4,0xcd,0xbc,0xac,0xbd,0xcd,0xc5,0xee,
  0xbd,0xcf,0xbd,0x8e,0xbd,0xd0,0xbd,0x31,0xcd,0x93,0xce,0x15,0xd6,0x57,0xd6,0xb9,
  0xe6,0x3a,0xf7,0x7c,0xf7,0x7b,0xff,0xff,0xff,0xff,0xff,0xff,0xff,0xff,0xff,0xff,
  0xff,0xff,0xff,0xff,0xff,0xff,0x52,0x8a,0x00,0x00,0x31,0xa6,0x63,0x0c,0x73,0x8e,
  0x73,0xae,0x73,0x8e,0x5a,0xeb,0x31,0xa6,0x00,0x00,0x4a,0x69,0xff,0xff,0xff,0xff,
  0xff,0xff,0xff,0xff,0xff,0xff,0xff,0xff,0xff,0xff,0xff,0xff,0xff,0xff,0xff,0xff,
  0xff,0xff,0xff,0xff,0xff,0xff,0xff,0xff,0xff,0xff,0xff,0xff,0xff,0xff,0xff,0xff,
  0xff,0xff,0xf7,0x7c,0xde,0x1a,0xef,0x3b,0xf7,0x5b,0xef,0x5b,0xf7,0x5b,0xf7,0x3b,
  0xef,0x3b,0xef,0x3a,0xef,0x3a,0xef,0x3a,0xef,0x3a,0xf7,0x1a,0xff,0xbc,0x62,0xdc,
  0x00,0xa5,0x08,0x00,0x10,0x40,0x00,0x20,0x4a,0x00,0xff,0x0a,0xf7,0xdc,0xe6,0xf9,
  0xde,0x77,0xde,0x55,0xd5,0xae,0xc5,0x2c,0xbc,0x0e,0xb4,0xac,0xb4,0x6c,0xb4,0x4d,
  0xa4,0x4d,0xa4,0x6d,0xac,0xaf,0xb5,0x11,0xbd,0x93,0xce,0xf6,0xd6,0x57,0xde,0xf9,
  0xef,0x5b,0xf7,0x5b,0xf7,0x7b,0xff,0xff,0xff,0xff,0xff,0xff,0xff,0xff,0xff,0xff,
  0xff,0xff,0xff,0xff,0xff,0xff,0x10,0x82,0xb5,0xb6,0xff,0xff,0xff,0xff,0xff,0xff,
  0xff,0xff,0xff,0xff,0xff,0xff,0xff,0xff,0xb5,0xb6,0x10,0x82,0xff,0xff,0xff,0xff,
  0xff,0xff,0xff,0xff,0xff,0xff,0xff,0xff,0xff,0xff,0xff,0xff,0xff,0xff,0xff,0xff,
  0xff,0xff,0xff,0xff,0xff,0xff,0xff,0xff,0xff,0xff,0xff,0xff,0xff,0xff,0xff,0xff,
  0xff,0xff,0xf7,0x7c,0xef,0x7c,0xef,0x5b,0xf7,0x5b,0xf7,0x5b,0xf7,0x5b,0xef,0x5b,
  0xef,0x3a,0xef,0x3a,0xef,0x3b,0xef,0x3a,0xef,0x3a,0xef,0x1a,0xff,0x1a,0xff,0xfd,
  0x39,0x19,0x00,0xc2,0x10,0x00,0x08,0x40,0x00,0x00,0x6b,0x00,0xff,0x2e,0xee,0xfc,
  0xde,0x97,0xde,0x55,0xd5,0xaf,0xc5,0x0c,0xbd,0xee,0xb4,0x4b,0xa4,0xaa,0x94,0xec,
  0x94,0x2d,0x9c,0x6e,0xa4,0xf0,0xb5,0x52,0xbd,0xb3,0xcd,0x36,0xd6,0xb8,0xe6,0x1a,
  0xef,0x5b,0xf7,0x5b,0xf7,0x5b,0xff,0xff,0xff,0xff,0xff,0xff,0xff,0xff,0xff,0xff,
  0xff,0xff,0xff,0xff,0xff,0xff,0x00,0x20,0xef,0x7d,0xff,0xff,0xff,0xff,0xff,0xff,
  0xff,0xff,0xff,0xff,0xff,0xff,0xff,0xff,0xef,0x7d,0x00,0x20,0xff,0xff,0xff,0xff,
  0xff,0xff,0xff,0xff,0xff,0xff,0xff,0xff,0xff,0xff,0xff,0xff,0xff,0xff,0xff,0xff,
  0xff,0xff,0xff,0xff,0xff,0xff,0xff,0xff,0xff,0xff,0xff,0xff,0xff,0xff,0xff,0xff,
  0xff,0xff,0xf7,0x5b,0xf7,0x5b,0xf7,0x7b,0xf7,0x5b,0xef,0x5b,0xf7,0x5b,0xf7,0x5b,
  0xef,0x5b,0xef,0x3a,0xf7,0x3a,0xef,0x3a,0xef,0x3a,0xef,0x3a,0xef,0x3a,0xff,0x1a,
  0xef,0xfe,0x18,0x36,0x00,0x40,0x10,0x00,0x08,0x40,0x00,0x00,0x8c,0x00,0xff,0x52,
  0xe6,0xbb,0xde,0x55,0xd5,0xcf,0xc5,0xcb,0xbc,0x8d,0xa4,0x89,0x8b,0x49,0x8b,0xcc,
  0x94,0x4e,0x9c,0xaf,0xac,0x31,0xbd,0xb3,0xbd,0x14,0xce,0x77,0xde,0xf9,0xef,0x3b,
  0xf7,0x5b,0xf7,0x5b,0xf7,0x5b,0xff,0xff,0xff,0xff,0xff,0xff,0xff,0xff,0xff,0xff,
  0xff,0xff,0xff,0xff,0xff,0xff,0x29,0x65,0x31,0xa6,0xa5,0x34,0xce,0x79,0xe7,0x1c,
  0xe7,0x3c,0xe7,0x1c,0xce,0x79,0xa5,0x34,0x31,0xa6,0x29,0x45,0xff,0xff,0xff,0xff,
  0xff,0xff,0xff,0xff,0xff,0xff,0xff,0xff,0xff,0xff,0xff,0xff,0xff,0xff,0xff,0xff,
  0xff,0xff,0xff,0xff,0xff,0xff,0xff,0xff,0xff,0xff,0xff,0xff,0xff,0xff,0xff,0xff,
  0xff,0xff,0xf7,0x5b,0xef,0x5b,0xf7,0x5b,0xf7,0x5b,0xf7,0x5b,0xf7,0x5b,0xef,0x5b,
  0xef,0x3b,0xef,0x3b,0xef,0x3b,0xef,0x5b,0xef,0x3a,0xef,0x3a,0xef,0x3a,0xef,0x3a,
  0xff,0x19,0xd6,0xff,0x08,0x52,0x00,0x00,0x10,0x00,0x00,0x40,0x00,0x00,0xb5,0x81,
  0xff,0x15,0xd6,0x38,0xd5,0xaf,0xbc,0xab,0xac,0xab,0x83,0x08,0x73,0x49,0x83,0xec,
  0x9c,0x6e,0xa4,0xef,0xb5,0x92,0xc5,0x14,0xce,0x76,0xd6,0xd8,0xe6,0x3a,0xef,0x3a,
  0xf7,0x5b,0xf7,0x5b,0xf7,0x5b,0xff,0xff,0xff,0xff,0xff,0xff,0xff,0xff,0xff,0xff,
  0xff,0xff,0xff,0xff,0xff,0xff,0x94,0xb2,0x00,0x00,0x00,0x00,0x00,0x00,0x00,0x00,
  0x00,0x00,0x00,0x00,0x00,0x00,0x00,0x00,0x00,0x00,0x94,0x92,0xff,0xff,0xff,0xff,
  0xff,0xff,0xff,0xff,0xff,0xff,0xff,0xff,0xff,0xff,0xff,0xff,0xff,0xff,0xff,0xff,
  0xff,0xff,0xff,0xff,0xff,0xff,0xff,0xff,0xff,0xff,0xff,0xff,0xff,0xff,0xff,0xff,
  0xff,0xff,0xf7,0x7c,0xef,0xff,0xf7,0xff,0xf7,0xff,0xf7,0xff,0xf7,0xff,0xf7,0xff,
  0xef,0xff,0xef,0xff,0xef,0xff,0xef,0xff,0xef,0xfe,0xef,0xfe,0xef,0xfe,0xef,0xfe,
  0xef,0xfe,0xff,0xfe,0xb5,0xff,0x00,0x32,0x00,0x00,0x10,0x00,0x00,0x40,0x10,0x00,
  0xd6,0x64,0xf7,0xd7,0xd5,0xef,0xb4,0xa8,0x8b,0x08,0x73,0x08,0x7b,0x6a,0x8b,0xcc,
  0x9c,0x6e,0xb4,0x30,0xc5,0xb2,0xd6,0x14,0xde,0x97,0xe6,0xd9,0xef,0x1a,0xef,0x3a,
  0xf7,0x3b,0xf7,0x3b,0xef,0x3a,0xff,0xff,0xff,0xff,0xff,0xff,0xff,0xff,0xff,0xff,
  0xff,0xff,0xff,0xff,0xff,0xff,0xff,0xff,0x73,0x8e,0x00,0x00,0x00,0x00,0x00,0x00,
  0x00,0x00,0x00,0x00,0x00,0x00,0x00,0x00,0x73,0x8e,0xff,0xff,0xff,0xff,0xff,0xff,
  0xff,0xff,0xff,0xff,0xff,0xff,0xff,0xff,0xff,0xff,0xff,0xff,0xff,0xff,0xff,0xff,
  0xff,0xff,0xff,0xff,0xff,0xff,0xff,0xff,0xff,0xff,0xff,0xff,0xff,0xff,0xff,0xff,
  0xff,0xff,0xf7,0x9c,0xff,0xb1,0xff,0x4c,0xff,0xac,0xff,0xad,0xff,0xad,0xff,0x8d,
  0xff,0x8d,0xff,0x8c,0xff,0x8c,0xff,0x8c,0xff,0x8c,0xff,0x8c,0xff,0x8c,0xff,0x8c,
  0xff,0x8c,0xff,0x6c,0xff,0xcc,0xb5,0xcc,0x00,0xa1,0x08,0x00,0x10,0x40,0x00,0x20,
  0x31,0x00,0xee,0xe8,0xdd,0x4e,0x93,0x07,0x6b,0xc8,0x6b,0x29,0x7b,0x6a,0x8b,0xec,
  0x9c,0x6e,0xbd,0xcf,0xc5,0x10,0xd6,0x92,0xde,0x56,0xe6,0xd8,0xef,0x1a,0xef,0x1a,
  0xef,0x1a,0xef,0x1a,0xef,0x1a,0xff,0xff,0xff,0xff,0xff,0xff,0xff,0xff,0xff,0xff,
  0xff,0xff,0xff,0xff,0xff,0xff,0xff,0xff,0xff,0xff,0xd6,0xba,0x84,0x10,0x5a,0xcb,
  0x4a,0x49,0x5a,0xcb,0x84,0x10,0xd6,0xba,0xff,0xff,0xff,0xff,0xff,0xff,0xff,0xff,
  0xff,0xff,0xff,0xff,0xff,0xff,0xff,0xff,0xff,0xff,0xff,0xff,0xff,0xff,0xff,0xff,
  0xff,0xff,0xff,0xff,0xff,0xff,0xff,0xff,0xff,0xff,0xff,0xff,0xff,0xff,0xff,0xff,
  0xff,0xff,0xff,0xd6,0x9c,0x00,0x73,0x00,0x7b,0x00,0x7b,0x00,0x7b,0x00,0x7b,0x00,
  0x7b,0x00,0x7b,0x00,0x7b,0x00,0x7b,0x00,0x7b,0x00,0x7b,0x00,0x7b,0x00,0x7b,0x00,
  0x7b,0x00,0x7b,0x00,0x83,0x00,0x83,0x00,0x20,0x20,0x00,0x40,0x10,0x40,0x10,0x40,
  0x00,0x20,0x62,0x60,0xcd,0xc6,0x7b,0x27,0x62,0xe8,0x73,0x29,0x7b,0x6a,0x8b,0xed,
  0x9c,0x4d,0xac,0x6e,0xad,0xaf,0xc5,0x31,0xd6,0xd4,0xe6,0x77,0xe7,0xb8,0xef,0xd9,
  0xef,0xd9,0xe7,0xfa,0xe7,0x1a,0xff,0xff,0xff,0xff,0xff,0xff,0xff,0xff,0xff,0xff,
  0xff,0xff,0xff,0xff,0xff,0xff,0xff,0xff,0xff,0xff,0xff,0xff,0xff,0xff,0xff,0xff,
  0xff,0xff,0xff,0xff,0xff,0xff,0xff,0xff,0xff,0xff,0xff,0xff,0xff,0xff,0xff,0xff,
  0xff,0xff,0xff,0xff,0xff,0xff,0xff,0xff,0xff,0xff,0xff,0xff,0xff,0xff,0xff,0xff,
  0xff,0xff,0xff,0xff,0xff,0xff,0xff,0xff,0xff,0xff,0xff,0xff,0xff,0xff,0xff,0xff,
  0xff,0xff,0xc5,0x4f,0x00,0x00,0x00,0x20,0x00,0x40,0x00,0x40,0x00,0x40,0x00,0x40,
  0x00,0x40,0x00,0x40,0x00,0x40,0x00,0x40,0x00,0x40,0x00,0x40,0x00,0x40,0x00,0x40,
  0x00,0x40,0x00,0x40,0x00,0x40,0x00,0x40,0x08,0x40,0x10,0x40,0x10,0x40,0x10,0x40,
  0x10,0x60,0x10,0x40,0x72,0xc3,0x7b,0x48,0x62,0xe8,0x73,0x29,0x7b,0x8b,0x8b,0xec,
  0x94,0x4d,0x9c,0x8e,0xa4,0xcf,0xb5,0x31,0xc5,0xb3,0xd6,0x15,0xde,0x77,0xe6,0x98,
  0xe6,0xd9,0xe6,0x1a,0xe7,0x3a,0xff,0xff,0xff,0xff,0xff,0xff,0xff,0xff,0xff,0xff,
  0xff,0xff,0xff,0xff,0xff,0xff,0xe7,0x1c,0x5a,0xcb,0xff,0xff,0xff,0xff,0xff,0xff,
  0xff,0xff,0xff,0xff,0xff,0xff,0xff,0xff,0x9c,0xf3,0x29,0x65,0xff,0xff,0xff,0xff,
  0xff,0xff,0xff,0xff,0xff,0xff,0xff,0xff,0xff,0xff,0xff,0xff,0xff,0xff,0xff,0xff,
  0xff,0xff,0xff,0xff,0xff,0xff,0xff,0xff,0xff,0xff,0xff,0xff,0xff,0xff,0xff,0xff,
  0xff,0xff,0x94,0x50,0x00,0x00,0x08,0x00,0x10,0x00,0x10,0x00,0x10,0x00,0x10,0x00,
  0x10,0x00,0x10,0x00,0x10,0x00,0x10,0x00,0x10,0x00,0x10,0x00,0x10,0x00,0x10,0x00,
  0x10,0x00,0x10,0x00,0x10,0x00,0x10,0x00,0x10,0x00,0x08,0x00,0x10,0x00,0x08,0x00,
  0x18,0x00,0x10,0x20,0x49,0x06,0x83,0x68,0x6a,0x29,0x73,0x6a,0x83,0xcb,0x8b,0x4d,
  0x9c,0x8f,0xa4,0xef,0xac,0x51,0xb5,0xb2,0xc5,0xd4,0xce,0x56,0xd6,0x98,0xde,0xb9,
  0xde,0xfa,0xe7,0x3a,0xef,0x5b,0xff,0xff,0xff,0xff,0xff,0xff,0xff,0xff,0xff,0xff,
  0xff,0xff,0xff,0xff,0xff,0xff,0x7b,0xef,0x94,0x92,0xff,0xff,0xff,0xff,0xff,0xff,
  0xff,0xff,0xff,0xff,0xff,0xff,0x73,0xae,0x00,0x00,0x00,0x00,0xff,0xff,0xff,0xff,
  0xff,0xff,0xff,0xff,0xff,0xff,0xff,0xff,0xff,0xff,0xff,0xff,0xff,0xff,0xff,0xff,
  0xff,0xff,0xff,0xff,0xff,0xff,0xff,0xff,0xff,0xff,0xff,0xff,0xff,0xff,0xff,0xff,
  0xff,0xff,0x94,0xd9,0x00,0xc5,0x00,0x60,0x00,0xc1,0x00,0xc1,0x00,0xc1,0x00,0xc1,
  0x00,0xc1,0x00,0xc1,0x00,0xc1,0x00,0xc1,0x00,0xc1,0x00,0xc1,0x00,0xc1,0x00,0xc1,
  0x00,0xc2,0x00,0xc2,0x00,0xc2,0x00,0xc1,0x00,0xc1,0x00,0xc1,0x00,0xc1,0x00,0xa1,
  0x00,0x02,0x10,0xcb,0x83,0x4d,0x8b,0x88,0x73,0xcb,0x7b,0xeb,0x8b,0x4e,0x94,0xf0,
  0xa4,0x51,0xac,0x92,0xbd,0xd2,0xc5,0x14,0xc5,0x35,0xd6,0x97,0xde,0xb9,0xde,0xf9,
  0xe6,0x3a,0xef,0x5b,0xef,0x5b,0xff,0xff,0xff,0xff,0xff,0xff,0xff,0xff,0xff,0xff,
  0xff,0xff,0xff,0xff,0xff,0xff,0x29,0x65,0xde,0xdb,0xff,0xff,0xff,0xff,0xff,0xff,
  0xff,0xff,0xf7,0xbe,0x52,0x8a,0x00,0x00,0x00,0x00,0x00,0x00,0xff,0xff,0xff,0xff,
  0xff,0xff,0xff,0xff,0xff,0xff,0xff,0xff,0xff,0xff,0xff,0xff,0xff,0xff,0xff,0xff,
  0xff,0xff,0xff,0xff,0xff,0xff,0xff,0xff,0xff,0xff,0xff,0xff,0xff,0xff,0xff,0xff,
  0xff,0xff,0xe6,0xdd,0x41,0xbd,0x10,0xfa,0x20,0xfa,0x20,0x1a,0x20,0x1a,0x20,0xfa,
  0x20,0x1a,0x20,0xf9,0x20,0xf9,0x20,0xf9,0x20,0xf9,0x20,0xf9,0x20,0xf9,0x20,0xd9,
  0x20,0xd9,0x20,0xd8,0x20,0xd8,0x20,0xb8,0x20,0xb8,0x20,0x97,0x20,0x97,0x18,0x77,
  0x21,0x96,0x83,0xf8,0xc5,0xae,0x8b,0x6a,0x8b,0xae,0x93,0x2f,0x9c,0x51,0xac,0xb2,
  0xbd,0xf3,0xc5,0xf3,0xcd,0xb2,0xd6,0xf3,0xd6,0x55,0xde,0x98,0xe6,0xd9,0xe6,0xd9,
  0xef,0xfa,0xef,0x3a,0xef,0x5b,0xff,0xff,0xff,0xff,0xff,0xff,0xff,0xff,0xff,0xff,
  0xff,0xff,0xff,0xff,0xff,0xff,0x08,0x41,0xf7,0x9e,0xff,0xff,0xff,0xff,0xff,0xff,
  0xe7,0x3c,0x31,0x86,0x00,0x00,0x00,0x00,0x42,0x08,0x00,0x00,0xff,0xff,0xff,0xff,
  0xff,0xff,0xff,0xff,0xff,0xff,0xff,0xff,0xff,0xff,0xff,0xff,0xff,0xff,0xff,0xff,
  0xff,0xff,0xff,0xff,0xff,0xff,0xff,0xff,0xff,0xff,0xff,0xff,0xff,0xff,0xff,0xff,
  0xff,0xff,0xff,0x7b,0xff,0x9d,0xe6,0xdd,0xee,0xdd,0xe7,0xbd,0xe7,0xbd,0xe6,0x9c,
  0xe7,0x9c,0xe6,0x9c,0xe6,0x9c,0xe6,0x9c,0xe6,0x9c,0xe6,0x9c,0xe6,0x9c,0xe6,0x9b,
  0xe6,0x9b,0xe6,0x9b,0xe6,0x7b,0xe6,0x7b,0xe6,0x5a,0xde,0x5a,0xde,0x3a,0xde,0x39,
  0xe6,0xd8,0xf6,0x75,0xd5,0x8e,0xac,0xeb,0xac,0x2f,0xb5,0x91,0xbd,0xd2,0xcd,0xf3,
  0xd5,0xf3,0xd5,0x91,0xcd,0x30,0xcd,0x71,0xd6,0xd4,0xde,0x36,0xe6,0x98,0xe6,0xb8,
  0xee,0xd9,0xef,0xfa,0xef,0x1a,0xff,0xff,0xff,0xff,0xff,0xff,0xff,0xff,0xff,0xff,
  0xff,0xff,0xff,0xff,0xff,0xff,0x10,0x82,0x8c,0x51,0xff,0xff,0xff,0xff,0xc6,0x18,
  0x18,0xe3,0x00,0x00,0x00,0x00,0x63,0x2c,0xff,0xdf,0x00,0x00,0xff,0xff,0xff,0xff,
  0xff,0xff,0xff,0xff,0xff,0xff,0xff,0xff,0xff,0xff,0xff,0xff,0xff,0xff,0xff,0xff,
  0xff,0xff,0xff,0xff,0xff,0xff,0xff,0xff,0xff,0xff,0xff,0xff,0xff,0xff,0xff,0xff,
  0xff,0xff,0xf7,0x7b,0xff,0xde,0xff,0xff,0xff,0xff,0xff,0xff,0xff,0xfe,0xff,0xfe,
  0xff,0xfe,0xff,0xfe,0xff,0xfe,0xff,0xfe,0xff,0xfe,0xff,0xfe,0xff,0xfe,0xff,0xfd,
  0xff,0xfd,0xff,0xfd,0xf7,0xfd,0xf7,0xdc,0xf7,0xdc,0xf7,0xbc,0xf7,0x9b,0xef,0x9b,
  0xee,0x79,0xde,0xb7,0xcd,0x4d,0xbc,0x8a,0xc5,0xee,0xcd,0x50,0xcd,0x91,0xd5,0x92,
  0xcd,0x71,0xc5,0xf0,0xbd,0xae,0xbd,0xf0,0xc5,0x73,0xce,0xf5,0xde,0x77,0xde,0xb9,
  0xde,0xb8,0xe6,0xfa,0xef,0xfa,0xff,0xff,0xff,0xff,0xff,0xff,0xff,0xff,0xff,0xff,
  0xff,0xff,0xff,0xff,0xff,0xff,0x39,0xc7,0x00,0x00,0x21,0x04,0x21,0x24,0x00,0x00,
  0x00,0x00,0x00,0x00,0x8c,0x51,0xff,0xff,0xff,0xff,0x00,0x00,0xff,0xff,0xff,0xff,
  0xff,0xff,0xff,0xff,0xff,0xff,0xff,0xff,0xff,0xff,0xff,0xff,0xff,0xff,0xff,0xff,
  0xff,0xff,0xff,0xff,0xff,0xff,0xff,0xff,0xff,0xff,0xff,0xff,0xff,0xff,0xff,0xff,
  0xff,0xff,0xf7,0xdd,0xff,0x16,0xff,0xd1,0xff,0x11,0xff,0x12,0xff,0xf2,0xff,0xf2,
  0xff,0xf2,0xff,0xf2,0xff,0xf1,0xff,0xf1,0xff,0xf1,0xff,0xd1,0xff,0xd1,0xff,0xd1,
  0xff,0xd1,0xff,0xd1,0xff,0xd1,0xff,0xd1,0xff,0xd0,0xff,0xb0,0xff,0x90,0xff,0x6f,
  0xff,0x4e,0xee,0x93,0xcd,0x2d,0xb4,0xa7,0xb4,0x0c,0xbd,0x6e,0xc5,0xaf,0xc5,0xf0,
  0xbd,0xaf,0xb4,0x6e,0xa4,0x6e,0xac,0xf0,0xbd,0xb3,0xcd,0x36,0xd6,0xb8,0xde,0xb9,
  0xde,0xf9,0xe6,0xd9,0xe6,0x1a,0xff,0xff,0xff,0xff,0xff,0xff,0xff,0xff,0xff,0xff,
  0xff,0xff,0xff,0xff,0xff,0xff,0xad,0x55,0x00,0x00,0x00,0x00,0x00,0x00,0x00,0x00,
  0x00,0x00,0x8c,0x71,0xff,0xff,0xff,0xff,0xff,0xff,0x00,0x00,0xff,0xff,0xff,0xff,
  0xff,0xff,0xff,0xff,0xff,0xff,0xff,0xff,0xff,0xff,0xff,0xff,0xff,0xff,0xff,0xff,
  0xff,0xff,0xff,0xff,0xff,0xff,0xff,0xff,0xff,0xff,0xff,0xff,0xff,0xff,0xff,0xff,
  0xff,0xff,0xff,0x37,0xce,0x20,0x9c,0x00,0xa5,0x00,0xa5,0x00,0xa4,0x00,0xa4,0x00,
  0xa4,0x00,0xa4,0x00,0xa4,0x00,0xa4,0x00,0xa4,0x00,0xa4,0x00,0xa4,0x00,0xa4,0x00,
  0xa4,0x00,0xa4,0x00,0xa4,0x00,0xa4,0x00,0xa4,0x00,0xa4,0x00,0x9c,0x00,0x94,0x00,
  0x94,0x00,0xc5,0x22,0xc5,0xa8,0x93,0x07,0x94,0x49,0x9c,0x8a,0xac,0xec,0xac,0x2d,
  0xa4,0x4e,0x9c,0x4d,0x9c,0x6e,0xac,0x30,0xc5,0xf4,0xce,0x97,0xde,0x1a,0xe6,0x1a,
  0xe6,0x1a,0xe6,0x1a,0xe7,0x1a,0xff,0xff,0xff,0xff,0xff,0xff,0xff,0xff,0xff,0xff,
  0xff,0xff,0xff,0xff,0xff,0xff,0xff,0xff,0x84,0x30,0x10,0x82,0x00,0x00,0x29,0x45,
  0xad,0x75,0xff,0xff,0xff,0xff,0xff,0xff,0xff,0xff,0x00,0x00,0xff,0xff,0xff,0xff,
  0xff,0xff,0xff,0xff,0xff,0xff,0xff,0xff,0xff,0xff,0xff,0xff,0xff,0xff,0xff,0xff,
  0xff,0xff,0xff,0xff,0xff,0xff,0xff,0xff,0xff,0xff,0xff,0xff,0xff,0xff,0xff,0xff,
  0xff,0xff,0xce,0x50,0x08,0x00,0x00,0x00,0x00,0x20,0x00,0x00,0x00,0x20,0x00,0x20,
  0x00,0x20,0x00,0x20,0x00,0x20,0x00,0x20,0x00,0x20,0x00,0x20,0x00,0x20,0x00,0x20,
  0x00,0x20,0x00,0x20,0x00,0x20,0x00,0x00,0x00,0x00,0x00,0x00,0x00,0x00,0x00,0x20,
  0x00,0x20,0x31,0xa0,0x93,0x85,0x7b,0xa6,0x73,0x87,0x7b,0x4a,0x8b,0xab,0x94,0xed,
  0x94,0x2d,0x9c,0x6e,0xa4,0xcf,0xb5,0x92,0xcd,0x55,0xde,0xd8,0xe7,0x1a,0xef,0x3a,
  0xef,0x3a,0xef,0x3b,0xe7,0x3b,0xff,0xff,0xff,0xff,0xff,0xff,0xff,0xff,0xff,0xff,
  0xff,0xff,0xff,0xff,0xff,0xff,0xff,0xff,0xff,0xff,0xff,0xff,0xf7,0xbe,0xff,0xff,
  0xff,0xff,0xff,0xff,0xff,0xff,0xff,0xff,0xff,0xff,0xde,0xdb,0xff,0xff,0xff,0xff,
  0xff,0xff,0xff,0xff,0xff,0xff,0xff,0xff,0xff,0xff,0xff,0xff,0xff,0xff,0xff,0xff,
  0xff,0xff,0xff,0xff,0xff,0xff,0xff,0xff,0xff,0xff,0xff,0xff,0xff,0xff,0xff,0xff,
  0xff,0xff,0x94,0x2f,0x00,0x00,0x08,0x00,0x08,0x00,0x08,0x00,0x08,0x00,0x08,0x00,
  0x08,0x00,0x08,0x00,0x08,0x00,0x08,0x00,0x08,0x00,0x08,0x00,0x08,0x00,0x08,0x00,
  0x08,0x00,0x08,0x00,0x08,0x00,0x08,0x00,0x08,0x00,0x08,0x00,0x08,0x00,0x08,0x00,
  0x08,0x00,0x18,0x80,0x6a,0xa5,0x72,0xe6,0x62,0x85,0x73,0x6a,0x7b,0xec,0x8b,0x2e,
  0x94,0x8e,0x9c,0xcf,0xac,0x50,0xc5,0xf3,0xde,0x76,0xe6,0xf8,0xef,0x1a,0xef,0x3b,
  0xef,0x3a,0xef,0x5b,0xef,0x5b,0xff,0xff,0xff,0xff,0xff,0xff,0xff,0xff,0xff,0xff,
  0xff,0xff,0xff,0xff,0xff,0xff,0xff,0xff,0xff,0xff,0xff,0xff,0xff,0xff,0xff,0xff,
  0xff,0xff,0xff,0xff,0xff,0xff,0xff,0xff,0xff,0xff,0xff,0xff,0xff,0xff,0xff,0xff,
  0xff,0xff,0xff,0xff,0xff,0xff,0xff,0xff,0xff,0xff,0xff,0xff,0xff,0xff,0xff,0xff,
  0xff,0xff,0xff,0xff,0xff,0xff,0xff,0xff,0xff,0xff,0xff,0xff,0xff,0xff,0xff,0xff,
  0xff,0xff,0x8c,0x57,0x00,0x80,0x00,0x00,0x08,0x00,0x08,0x00,0x08,0x00,0x08,0x00,
  0x08,0x00,0x08,0x00,0x08,0x00,0x08,0x00,0x08,0x00,0x08,0x00,0x08,0x00,0x08,0x00,
  0x08,0x00,0x08,0x00,0x08,0x00,0x08,0x00,0x08,0x00,0x08,0x00,0x08,0x00,0x08,0x00,
  0x08,0x00,0x18,0x43,0x72,0xc8,0x72,0x46,0x62,0x48,0x7b,0xcb,0x8b,0x6f,0x94,0xcf,
  0x9c,0x30,0xac,0x71,0xc5,0xb1,0xd5,0x13,0xde,0x76,0xe6,0xf8,0xef,0x1a,0xef,0x3a,
  0xef,0x3b,0xf7,0x5b,0xf7,0x5b,0xff,0xff,0xff,0xff,0xff,0xff,0xff,0xff,0xff,0xff,
  0xff,0xff,0xff,0xff,0xff,0xff,0xff,0xff,0xff,0xff,0xff,0xff,0xff,0xff,0xff,0xff,
  0xff,0xff,0xff,0xff,0xff,0xff,0xff,0xff,0xff,0xff,0xff,0xff,0xff,0xff,0xff,0xff,
  0xff,0xff,0xff,0xff,0xff,0xff,0xff,0xff,0xff,0xff,0xff,0xff,0xff,0xff,0xff,0xff,
  0xff,0xff,0xff,0xff,0xff,0xff,0xff,0xff,0xff,0xff,0xff,0xff,0xff,0xff,0xff,0xff,
  0xff,0xff,0xd6,0xdd,0x18,0xd9,0x00,0x94,0x08,0xd4,0x08,0xd5,0x08,0xb4,0x08,0xb4,
  0x08,0xb4,0x08,0xb4,0x08,0xb4,0x08,0xb4,0x08,0x94,0x08,0x94,0x08,0x94,0x08,0x94,
  0x08,0x94,0x08,0x93,0x08,0x93,0x08,0x73,0x08,0x73,0x08,0x73,0x08,0x53,0x08,0x52,
  0x00,0x10,0x39,0xd3,0x9b,0x2c,0x83,0x87,0x7b,0x4b,0x8b,0xae,0x9c,0x52,0xa4,0xb2,
  0xb5,0xd3,0xc5,0xb2,0xcd,0xb1,0xd6,0xf3,0xde,0x75,0xe6,0xd8,0xef,0x1a,0xf7,0x3a,
  0xf7,0x3a,0xf7,0x5b,0xf7,0x5b,0xff,0xff,0xff,0xff,0xff,0xff,0xff,0xff,0xff,0xff,
  0xff,0xff,0xff,0xff,0xff,0xff,0xff,0xff,0xff,0xff,0xff,0xff,0xff,0xff,0xff,0xff,
  0xff,0xff,0xff,0xff,0xff,0xff,0xff,0xff,0xff,0xff,0xff,0xff,0xff,0xff,0xff,0xff,
  0xff,0xff,0xff,0xff,0xff,0xff,0xff,0xff,0xff,0xff,0xff,0xff,0xff,0xff,0xff,0xff,
  0xff,0xff,0xff,0xff,0xff,0xff,0xff,0xff,0xff,0xff,0xff,0xff,0xff,0xff,0xff,0xff,
  0xff,0xff,0xff,0x5c,0xde,0xdd,0xbd,0xff,0xc5,0xfe,0xbd,0xfe,0xc5,0xfe,0xbd,0xfe,
  0xbd,0xfd,0xbd,0xfd,0xbd,0xfd,0xbd,0xfd,0xbd,0xfd,0xbd,0xfd,0xbd,0xfd,0xbd,0xdc,
  0xbd,0xdc,0xbd,0xdc,0xbd,0xdc,0xbd,0xbc,0xbd,0xbc,0xbd,0x9b,0xbd,0x7b,0xb5,0x7a,
  0xb5,0x18,0xcd,0xb6,0xc5,0x2c,0x9b,0x48,0x9c,0x8c,0xac,0x0e,0xbd,0x34,0xc5,0x34,
  0xcd,0x13,0xcd,0xd2,0xcd,0x91,0xd5,0xf3,0xde,0x55,0xe6,0x97,0xef,0xfa,0xef,0x1a,
  0xef,0x3a,0xf7,0x5b,0xef,0x7c,0xff,0xff,0xff,0xff,0xff,0xff,0xff,0xff,0xff,0xff,
  0xff,0xff,0xff,0xff,0xff,0xff,0xff,0xff,0xff,0xff,0xff,0xff,0xff,0xff,0xff,0xff,
  0xff,0xff,0xff,0xff,0xff,0xff,0xff,0xff,0xff,0xff,0xff,0xff,0xff,0xff,0xff,0xff,
  0xff,0xff,0xff,0xff,0xff,0xff,0xff,0xff,0xff,0xff,0xff,0xff,0xff,0xff,0xff,0xff,
  0xff,0xff,0xff,0xff,0xff,0xff,0xff,0xff,0xff,0xff,0xff,0xff,0xff,0xff,0xff,0xff,
  0xff,0xff,0xf7,0x7b,0xff,0xff,0xff,0xff,0xff,0xfe,0xff,0x5b,0xff,0x5b,0xff,0x5b,
  0xff,0x5b,0xff,0x5b,0xff,0x5b,0xff,0x3a,0xff,0x3a,0xff,0x3a,0xff,0x3a,0xff,0x3a,
  0xff,0x1a,0xff,0x1a,0xff,0x19,0xff,0x19,0xff,0xf9,0xff,0xd8,0xff,0xd8,0xff,0xb8,
  0xf7,0x76,0xe6,0x34,0xcd,0x2b,0xac,0x88,0xb4,0x4a,0xc5,0xac,0xd6,0x55,0xd6,0x35,
  0xd6,0x13,0xcd,0xb2,0xcd,0xb1,0xd5,0xf3,0xde,0x15,0xde,0x36,0xe6,0x98,0xef,0x1a,
  0xef,0x3b,0xef,0x5b,0xf7,0x5b,0xff,0xff,0xff,0xff,0xff,0xff,0xff,0xff,0xff,0xff,
  0xff,0xff,0xff,0xff,0xff,0xff,0xff,0xff,0xff,0xff,0xff,0xff,0xff,0xff,0xff,0xff,
  0xff,0xff,0xff,0xff,0xff,0xff,0xff,0xff,0xff,0xff,0xff,0xff,0xff,0xff,0xff,0xff,
  0xff,0xff,0xff,0xff,0xff,0xff,0xff,0xff,0xff,0xff,0xff,0xff,0xff,0xff,0xff,0xff,
  0xff,0xff,0xff,0xff,0xff,0xff,0xff,0xff,0xff,0xff,0xff,0xff,0xff,0xff,0xff,0xff,
  0xff,0xff,0xf7,0xfe,0xff,0x53,0xff,0x68,0xff,0x94,0xf7,0xfe,0xef,0x5b,0xef,0x5b,
  0xef,0x3b,0xef,0x3b,0xef,0x3b,0xef,0x3a,0xef,0x3a,0xef,0x3a,0xef,0x3a,0xef,0x1a,
  0xef,0x1a,0xef,0x1a,0xef,0x1a,0xef,0x19,0xee,0xf9,0xe6,0xf8,0xe6,0xd8,0xe6,0xb7,
  0xde,0x76,0xd6,0x55,0xcd,0x2b,0xb4,0x27,0xb4,0xec,0xbc,0xec,0xde,0xd2,0xd6,0x55,
  0xd6,0x13,0xcd,0xb2,0xcd,0xb1,0xd5,0xb2,0xd6,0xd3,0xd6,0xf4,0xde,0x37,0xef,0xfa,
  0xf7,0x5b,0xf7,0x5a,0xf7,0x5b,0xff,0xff,0xff,0xff,0xff,0xff,0xff,0xff,0xff,0xff,
  0xff,0xff,0xff,0xff,0xff,0xff,0xff,0xff,0xff,0xff,0xff,0xff,0xff,0xff,0xff,0xff,
  0xff,0xff,0xff,0xff,0xff,0xff,0xff,0xff,0xff,0xff,0xff,0xff,0xff,0xff,0xff,0xff,
  0xff,0xff,0xff,0xff,0xff,0xff,0xff,0xff,0xff,0xff,0xff,0xff,0xff,0xff,0xff,0xff,
  0xff,0xff,0xff,0xff,0xff,0xff,0xff,0xff,0xff,0xff,0xff,0xff,0xff,0xff,0xff,0xff,
  0xff,0xff,0xff,0x77,0xb5,0x40,0x52,0x00,0xb5,0x61,0xff,0x97,0xef,0xdd,0xf7,0x5b,
  0xef,0x5b,0xef,0x5b,0xef,0x3a,0xef,0x3a,0xef,0x3a,0xef,0x3a,0xef,0x3a,0xef,0x3a,
  0xef,0x1a,0xef,0x1a,0xef,0x19,0xef,0x19,0xe6,0xf9,0xe6,0xf9,0xe6,0xd8,0xe6,0xd7,
  0xde,0x76,0xd6,0x35,0xc5,0x2c,0xac,0xe5,0xbc,0xcc,0xc4,0x2e,0xcd,0xb1,0xde,0x56,
  0xd6,0x13,0xcd,0xd2,0xcd,0xb1,0xcd,0x51,0xc5,0x72,0xc5,0xb4,0xd6,0x16,0xe6,0xd9,
  0xf7,0x5b,0xf7,0x5b,0xf7,0x5b,0xff,0xff,0xff,0xff,0xff,0xff,0xff,0xff,0xff,0xff,
  0xff,0xff,0xff,0xff,0xff,0xff,0xff,0xff,0xff,0xff,0xff,0xff,0xff,0xff,0xff,0xff,
  0xff,0xff,0xff,0xff,0xff,0xff,0xff,0xff,0xff,0xff,0xff,0xff,0xff,0xff,0xff,0xff,
  0xff,0xff,0xff,0xff,0xff,0xff,0xff,0xff,0xff,0xff,0xff,0xff,0xff,0xff,0xff,0xff,
  0xff,0xff,0xff,0xff,0xff,0xff,0xff,0xff,0xff,0xff,0xff,0xff,0xff,0xff,0xff,0xff,
  0xff,0xff,0xd6,0x50,0x08,0x00,0x00,0x00,0x10,0x00,0xde,0x90,0xff,0xff,0xf7,0x5b,
  0xf7,0x5b,0xef,0x3a,0xef,0x3a,0xef,0x3a,0xef,0x3a,0xef,0x5b,0xef,0xbc,0xef,0xbc,
  0xef,0x5b,0xef,0x1a,0xef,0x19,0xef,0x19,0xe6,0xf9,0xe6,0xd8,0xe6,0xd8,0xe6,0xb7,
  0xde,0x76,0xd6,0x35,0xc5,0x0b,0xab,0xe5,0xb4,0xcd,0xc5,0x6f,0xcd,0xb0,0xde,0x56,
  0xd6,0x13,0xcd,0xd2,0xcd,0x70,0xbd,0xcf,0xbd,0x31,0xbd,0xd5,0xce,0x36,0xe6,0xd9,
  0xf7,0x5a,0xf7,0x5b,0xf7,0x5b,0xff,0xff,0xff,0xff,0xff,0xff,0xff,0xff,0xff,0xff,
  0xff,0xff,0xff,0xff,0xff,0xff,0x5a,0xeb,0x5a,0xeb,0x5a,0xeb,0x5a,0xeb,0x5a,0xeb,
  0x5a,0xeb,0x5a,0xeb,0x5a,0xeb,0x5a,0xeb,0x5a,0xeb,0x5a,0xeb,0xff,0xff,0xff,0xff,
  0xff,0xff,0xff,0xff,0xff,0xff,0xff,0xff,0xff,0xff,0xff,0xff,0xff,0xff,0xff,0xff,
  0xff,0xff,0xff,0xff,0xff,0xff,0xff,0xff,0xff,0xff,0xff,0xff,0xff,0xff,0xff,0xff,
  0xff,0xff,0x94,0x0f,0x00,0x00,0x08,0x20,0x00,0x00,0x9c,0x70,0xff,0xff,0xef,0x3b,
  0xef,0x3b,0xef,0x5b,0xef,0x3b,0xef,0x3b,0xef,0x3a,0xef,0xdc,0xff,0xd9,0xff,0x57,
  0xf7,0x9c,0xef,0xbc,0xef,0x19,0xef,0x19,0xee,0xf9,0xe6,0xf9,0xe6,0xd9,0xe6,0xb8,
  0xde,0x76,0xde,0x34,0xc5,0x0b,0xab,0xe6,0xb4,0xab,0xc5,0x8b,0xcd,0x70,0xde,0x55,
  0xd6,0x33,0xcd,0xb2,0xc5,0x0f,0xac,0x8e,0xb5,0x11,0xc5,0xf5,0xce,0x37,0xde,0xd9,
  0xef,0x5a,0xf7,0x5b,0xf7,0x5b,0xff,0xff,0xff,0xff,0xff,0xff,0xff,0xff,0xff,0xff,
  0xff,0xff,0xff,0xff,0xff,0xff,0x00,0x00,0x00,0x00,0x00,0x00,0x00,0x00,0x00,0x00,
  0x00,0x00,0x00,0x00,0x00,0x00,0x00,0x00,0x00,0x00,0x00,0x00,0xff,0xff,0xff,0xff,
  0xff,0xff,0xff,0xff,0xff,0xff,0xff,0xff,0xff,0xff,0xff,0xff,0xff,0xff,0xff,0xff,
  0xff,0xff,0xff,0xff,0xff,0xff,0xff,0xff,0xff,0xff,0xff,0xff,0xff,0xff,0xff,0xff,
  0xff,0xff,0x8c,0x2f,0x00,0x00,0x08,0x20,0x00,0x00,0x94,0x90,0xff,0xff,0xef,0x5b,
  0xef,0x3a,0xef,0x3b,0xef,0x3b,0xef,0x3a,0xef,0xfd,0xff,0xf2,0xe6,0x00,0xd6,0x00,
  0xff,0xa5,0xff,0x97,0xe7,0xdc,0xef,0xf9,0xee,0xf9,0xee,0xf9,0xe6,0xd8,0xe6,0xb7,
  0xde,0x76,0xd6,0x35,0xc5,0xeb,0xab,0xe6,0xb4,0x69,0xbc,0xcc,0xcd,0x90,0xde,0x14,
  0xd6,0x34,0xcd,0xb1,0xbd,0xae,0xa4,0x6e,0xb5,0x31,0xc5,0xd4,0xce,0x36,0xe6,0xb9,
  0xf7,0x5b,0xf7,0x5b,0xf7,0x5b,0xff,0xff,0xff,0xff,0xff,0xff,0xff,0xff,0xff,0xff,
  0xff,0xff,0xff,0xff,0xff,0xff,0x00,0x00,0x00,0x00,0x00,0x00,0x00,0x00,0x00,0x00,
  0x00,0x00,0x00,0x00,0x00,0x00,0x00,0x00,0x00,0x00,0x00,0x00,0xff,0xff,0xff,0xff,
  0xff,0xff,0xff,0xff,0xff,0xff,0xff,0xff,0xff,0xff,0xff,0xff,0xff,0xff,0xff,0xff,
  0xff,0xff,0xff,0xff,0xff,0xff,0xff,0xff,0xff,0xff,0xff,0xff,0xff,0xff,0xff,0xff,
  0xff,0xff,0x8c,0x2f,0x00,0x00,0x08,0x20,0x00,0x00,0x9c,0x90,0xff,0xff,0xf7,0x5b,
  0xf7,0x3b,0xef,0x3b,0xef,0x3b,0xef,0x7b,0xff,0xbc,0xa4,0xe6,0x08,0x00,0x00,0x00,
  0x41,0x00,0xde,0x65,0xff,0x5a,0xe6,0x7b,0xee,0xf9,0xee,0xd9,0xe6,0xd8,0xe6,0xb7,
  0xde,0x76,0xd6,0x34,0xc4,0xea,0xa3,0xc4,0xac,0x49,0xbc,0x4f,0xcd,0xd1,0xd6,0xf3,
  0xde,0x13,0xcd,0x71,0xac,0x4c,0xa4,0x8e,0xb5,0x51,0xc5,0xd4,0xce,0x36,0xde,0xb8,
  0xf7,0x5b,0xf7,0x5b,0xf7,0x7b,0xff,0xff,0xff,0xff,0xff,0xff,0xff,0xff,0xff,0xff,
  0xff,0xff,0xff,0xff,0xff,0xff,0xce,0x59,0xce,0x59,0xce,0x59,0xce,0x59,0xce,0x59,
  0xce,0x59,0xce,0x59,0xce,0x59,0xce,0x59,0xce,0x59,0xce,0x59,0xff,0xff,0xff,0xff,
  0xff,0xff,0xff,0xff,0xff,0xff,0xff,0xff,0xff,0xff,0xff,0xff,0xff,0xff,0xff,0xff,
  0xff,0xff,0xff,0xff,0xff,0xff,0xff,0xff,0xff,0xff,0xff,0xff,0xff,0xff,0xff,0xff,
  0xff,0xff,0x8c,0x2f,0x00,0x00,0x08,0x20,0x00,0x00,0x9c,0x90,0xff,0xff,0xef,0x5b,
  0xef,0x3b,0xf7,0x3b,0xef,0x3b,0xf7,0x9b,0xff,0x5b,0x41,0x85,0x00,0x00,0x00,0x40,
  0x00,0x20,0x31,0x00,0xf7,0x90,0xf7,0xfd,0xe6,0xf9,0xe6,0xf8,0xe6,0xd8,0xe6,0xb7,
  0xde,0x76,0xd6,0x34,0xc4,0xca,0xa3,0xa4,0xac,0x29,0xc5,0xd1,0xcd,0xf2,0xd5,0xf3,
  0xd6,0xf2,0xc5,0x10,0x9c,0x0c,0xa4,0x8f,0xb5,0x52,0xc5,0xd5,0xce,0x37,0xde,0xb9,
  0xf7,0x5b,0xf7,0x5b,0xef,0x5b,0xff,0xff,0xff,0xff,0xff,0xff,0xff,0xff,0xff,0xff,
  0xff,0xff,0xff,0xff,0xff,0xff,0xff,0xff,0xff,0xff,0xff,0xff,0xff,0xff,0xff,0xff,
  0xff,0xff,0xff,0xff,0xff,0xff,0xff,0xff,0xff,0xff,0xff,0xff,0xff,0xff,0xff,0xff,
  0xff,0xff,0xff,0xff,0xff,0xff,0xff,0xff,0xff,0xff,0xff,0xff,0xff,0xff,0xff,0xff,
  0xff,0xff,0xff,0xff,0xff,0xff,0xff,0xff,0xff,0xff,0xff,0xff,0xff,0xff,0xff,0xff,
  0xff,0xff,0x8c,0x2f,0x00,0x00,0x08,0x20,0x00,0x00,0x9c,0x90,0xff,0xff,0xef,0x5b,
  0xf7,0x5b,0xef,0x3b,0xef,0x3b,0xff,0x9c,0xf7,0x7b,0x39,0xc5,0x00,0x00,0x10,0x40,
  0x08,0x40,0x00,0x00,0x9c,0xa5,0xff,0x9b,0xee,0x3a,0xee,0xf9,0xe6,0xd8,0xe6,0xb7,
  0xde,0x76,0xd6,0x34,0xbc,0xca,0xa3,0x84,0xac,0x6a,0xcd,0xcd,0xd5,0xce,0xd5,0x95,
  0xd5,0xd2,0xb5,0x4c,0x94,0x2d,0xa4,0x8e,0xb5,0x51,0xc5,0xd5,0xce,0x16,0xde,0xb8,
  0xf7,0x5b,0xf7,0x5b,0xef,0x5b,0xff,0xff,0xff,0xff,0xff,0xff,0xff,0xff,0xff,0xff,
  0xff,0xff,0xff,0xff,0xff,0xff,0xff,0xff,0xff,0xff,0xff,0xff,0x42,0x08,0x42,0x08,
  0x42,0x08,0x42,0x08,0x42,0x08,0x42,0x08,0x42,0x08,0x42,0x08,0xff,0xff,0xff,0xff,
  0xff,0xff,0xff,0xff,0xff,0xff,0xff,0xff,0xff,0xff,0xff,0xff,0xff,0xff,0xff,0xff,
  0xff,0xff,0xff,0xff,0xff,0xff,0xff,0xff,0xff,0xff,0xff,0xff,0xff,0xff,0xff,0xff,
  0xff,0xff,0x8c,0x2f,0x00,0x00,0x08,0x20,0x00,0x00,0x9c,0x90,0xff,0xff,0xef,0x5b,
  0xf7,0x5b,0xef,0x3a,0xef,0x3b,0xf7,0x7c,0xf7,0x9b,0x41,0xe6,0x00,0x00,0x08,0x40,
  0x10,0x40,0x00,0x20,0x39,0x00,0xff,0x73,0xf7,0xfd,0xe6,0xf9,0xee,0xd8,0xe6,0xb7,
  0xde,0x56,0xd6,0x34,0xbc,0xca,0xa3,0x63,0xac,0x69,0xbc,0xcd,0xbc,0x0f,0xde,0x34,
  0xd5,0xd2,0xa4,0xeb,0x94,0xeb,0xa4,0xaf,0xb5,0x51,0xc5,0xf5,0xce,0x16,0xde,0x98,
  0xf7,0x5a,0xf7,0x5b,0xf7,0x5b,0xff,0xff,0xff,0xff,0xff,0xff,0xff,0xff,0xff,0xff,
  0xff,0xff,0xff,0xff,0xff,0xff,0xff,0xff,0xff,0xff,0xff,0xff,0x00,0x00,0x00,0x00,
  0x00,0x00,0x00,0x00,0x00,0x00,0x00,0x00,0x00,0x00,0x00,0x00,0xff,0xff,0xff,0xff,
  0xff,0xff,0xff,0xff,0xff,0xff,0xff,0xff,0xff,0xff,0xff,0xff,0xff,0xff,0xff,0xff,
  0xff,0xff,0xff,0xff,0xff,0xff,0xff,0xff,0xff,0xff,0xff,0xff,0xff,0xff,0xff,0xff,
  0xff,0xff,0x8c,0x2f,0x00,0x00,0x08,0x20,0x00,0x00,0x9c,0x90,0xff,0xff,0xef,0x5b,
  0xef,0x5b,0xef,0x5b,0xef,0x3a,0xf7,0x7c,0xff,0x9b,0x41,0xe5,0x00,0x00,0x10,0x40,
  0x10,0x40,0x08,0x40,0x00,0x00,0xb5,0xa9,0xff,0xfc,0xe6,0x19,0xe6,0xd8,0xe6,0xb7,
  0xde,0x76,0xd6,0x34,0xbc,0xca,0x9b,0x63,0xac,0x08,0xbc,0x4f,0xc5,0x13,0xde,0xf2,
  0xcd,0x30,0x93,0x0c,0x93,0xeb,0xa4,0x8e,0xb5,0x31,0xc5,0xb4,0xce,0x37,0xde,0xb8,
  0xef,0x3a,0xf7,0x5b,0xf7,0x5b,0xff,0xff,0xff,0xff,0xff,0xff,0xff,0xff,0xff,0xff,
  0xff,0xff,0xff,0xff,0xff,0xff,0xff,0xff,0xff,0xff,0xff,0xff,0x18,0xe3,0x18,0xe3,
  0x00,0x00,0x18,0xc3,0x18,0xe3,0x18,0xe3,0x18,0xe3,0x18,0xe3,0xff,0xff,0xff,0xff,
  0xff,0xff,0xff,0xff,0xff,0xff,0xff,0xff,0xff,0xff,0xff,0xff,0xff,0xff,0xff,0xff,
  0xff,0xff,0xff,0xff,0xff,0xff,0xff,0xff,0xff,0xff,0xff,0xff,0xff,0xff,0xff,0xff,
  0xff,0xff,0x8c,0x2f,0x00,0x00,0x08,0x20,0x00,0x00,0x9c,0x90,0xff,0xff,0xef,0x5b,
  0xef,0x3b,0xef,0x3a,0xef,0x3b,0xf7,0x7c,0xf7,0x9b,0x49,0xe6,0x00,0x00,0x10,0x40,
  0x08,0x40,0x10,0x40,0x00,0x00,0x5a,0x20,0xff,0x36,0xef,0xbc,0xe6,0xd8,0xe6,0xb7,
  0xde,0x55,0xd6,0x34,0xbc,0xaa,0x9b,0x43,0xa4,0x28,0xc5,0x2f,0xd6,0x34,0xd5,0xd2,
  0xad,0x6e,0x94,0xec,0x93,0x4d,0xa4,0xae,0xb5,0x30,0xbd,0xb3,0xce,0x16,0xde,0x77,
  0xef,0x3b,0xf7,0x5b,0xf7,0x5b,0xff,0xff,0xff,0xff,0xff,0xff,0xff,0xff,0xff,0xff,
  0xff,0xff,0xff,0xff,0xff,0xff,0xff,0xff,0xff,0xff,0xff,0xff,0xe7,0x1c,0x8c,0x51,
  0xf7,0x9e,0xff,0xff,0xff,0xff,0xff,0xff,0xff,0xff,0xff,0xff,0xff,0xff,0xff,0xff,
  0xff,0xff,0xff,0xff,0xff,0xff,0xff,0xff,0xff,0xff,0xff,0xff,0xff,0xff,0xff,0xff,
  0xff,0xff,0xff,0xff,0xff,0xff,0xff,0xff,0xff,0xff,0xff,0xff,0xff,0xff,0xff,0xff,
  0xff,0xff,0x8c,0x2f,0x00,0x00,0x08,0x20,0x00,0x00,0x9c,0x90,0xff,0xff,0xf7,0x5b,
  0xef,0x3b,0xef,0x3a,0xef,0x3a,0xf7,0x7b,0xf7,0x9b,0x41,0xe6,0x00,0x00,0x10,0x40,
  0x10,0x40,0x10,0x40,0x00,0x40,0x08,0x00,0xd6,0x8c,0xff,0xfd,0xe6,0xd8,0xe6,0xb8,
  0xde,0x75,0xd6,0x34,0xbc,0xa9,0x9b,0x43,0xa4,0x07,0xc5,0x4f,0xde,0x13,0xd5,0x50,
  0x9c,0x2d,0x8b,0xcb,0x9c,0x4e,0xac,0x30,0xbd,0x93,0xbd,0xd5,0xce,0x16,0xde,0x98,
  0xef,0x3a,0xf7,0x5b,0xf7,0x5b,0xff,0xff,0xff,0xff,0xff,0xff,0xff,0xff,0xff,0xff,
  0xff,0xff,0xff,0xff,0xff,0xff,0xff,0xff,0xff,0xff,0xff,0xff,0x42,0x08,0xef,0x5d,
  0xff,0xff,0xff,0xff,0xff,0xff,0xff,0xff,0xff,0xff,0xff,0xff,0xff,0xff,0xff,0xff,
  0xff,0xff,0xff,0xff,0xff,0xff,0xff,0xff,0xff,0xff,0xff,0xff,0xff,0xff,0xff,0xff,
  0xff,0xff,0xff,0xff,0xff,0xff,0xff,0xff,0xff,0xff,0xff,0xff,0xff,0xff,0xff,0xff,
  0xff,0xff,0x8c,0x2f,0x00,0x00,0x08,0x20,0x00,0x00,0x9c,0x90,0xff,0xff,0xef,0x5b,
  0xef,0x3b,0xef,0x3a,0xef,0x3a,0xf7,0x7b,0xff,0x7b,0x41,0xe6,0x00,0x00,0x10,0x60,
  0x08,0x00,0x10,0x00,0x10,0x60,0x00,0x00,0x7b,0xe2,0xff,0xf9,0xe6,0x3a,0xe6,0xb7,
  0xde,0x76,0xd6,0x34,0xbc,0x89,0x9b,0x23,0xa4,0x08,0xc5,0x4e,0xde,0x70,0xbd,0x8e,
  0x94,0x0d,0x8b,0x0c,0x9c,0x0c,0xb5,0x92,0xc5,0x92,0xc5,0xb5,0xce,0x36,0xde,0xb9,
  0xef,0x5b,0xef,0x7b,0xf7,0x5a,0xff,0xff,0xff,0xff,0xff,0xff,0xff,0xff,0xff,0xff,
  0xff,0xff,0xff,0xff,0xff,0xff,0xff,0xff,0xff,0xff,0xff,0xff,0x00,0x20,0xff,0xff,
  0xff,0xff,0xff,0xff,0xff,0xff,0xff,0xff,0xff,0xff,0xff,0xff,0xff,0xff,0xff,0xff,
  0xff,0xff,0xff,0xff,0xff,0xff,0xff,0xff,0xff,0xff,0xff,0xff,0xff,0xff,0xff,0xff,
  0xff,0xff,0xff,0xff,0xff,0xff,0xff,0xff,0xff,0xff,0xff,0xff,0xff,0xff,0xff,0xff,
  0xff,0xff,0x8c,0x2f,0x00,0x00,0x08,0x20,0x00,0x00,0x9c,0x90,0xff,0xff,0xef,0x5b,
  0xef,0x3b,0xef,0x3a,0xef,0x3a,0xf7,0x7b,0xff,0x9b,0x41,0xe6,0x00,0x00,0x10,0x00,
  0x08,0xe2,0x00,0xc2,0x10,0x00,0x00,0x20,0x20,0x00,0xee,0x90,0xf7,0xfc,0xe6,0xb7,
  0xde,0x56,0xd6,0x34,0xbc,0x89,0x9b,0x02,0xa4,0x08,0xc5,0x2e,0xcd,0x91,0xa4,0x2e,
  0x8c,0xec,0x94,0x0d,0x9c,0x6c,0xc5,0x90,0xbd,0x51,0xc5,0xb4,0xce,0x37,0xde,0xb9,
  0xf7,0x5b,0xf7,0x5b,0xf7,0x5a,0xff,0xff,0xff,0xff,0xff,0xff,0xff,0xff,0xff,0xff,
  0xff,0xff,0xff,0xff,0xff,0xff,0xff,0xff,0xff,0xff,0xff,0xff,0xa5,0x14,0xff,0xff,
  0xff,0xff,0xff,0xff,0xff,0xff,0xff,0xff,0xff,0xff,0xff,0xff,0xff,0xff,0xff,0xff,
  0xff,0xff,0xff,0xff,0xff,0xff,0xff,0xff,0xff,0xff,0xff,0xff,0xff,0xff,0xff,0xff,
  0xff,0xff,0xff,0xff,0xff,0xff,0xff,0xff,0xff,0xff,0xff,0xff,0xff,0xff,0xff,0xff,
  0xff,0xff,0x8c,0x2f,0x00,0x00,0x08,0x20,0x00,0x00,0x9c,0x90,0xff,0xff,0xef,0x5b,
  0xef,0x3b,0xef,0x5b,0xef,0x3a,0xf7,0x7b,0xff,0x9b,0x41,0xe6,0x00,0x00,0x08,0x00,
  0x28,0x88,0x20,0xcd,0x00,0x00,0x10,0x40,0x00,0x00,0x9c,0xe6,0xff,0x7a,0xe6,0xd8,
  0xde,0x75,0xd6,0x34,0xbc,0x88,0x93,0x21,0xac,0x08,0xc5,0x2e,0xc5,0x11,0x94,0xed,
  0x8b,0xec,0x94,0x0c,0xa4,0x30,0xc5,0xb1,0xb5,0x10,0xc5,0xb3,0xce,0x16,0xde,0xb9,
  0xf7,0x5b,0xf7,0x5b,0xf7,0x5b,0xff,0xff,0xff,0xff,0xff,0xff,0xff,0xff,0xff,0xff,
  0xff,0xff,0xff,0xff,0xff,0xff,0xff,0xff,0xff,0xff,0xff,0xff,0xff,0xff,0xff,0xff,
  0xe7,0x1c,0xad,0x75,0xad,0x75,0xe7,0x1c,0xff,0xff,0xff,0xff,0xff,0xff,0xff,0xff,
  0xff,0xff,0xff,0xff,0xff,0xff,0xff,0xff,0xff,0xff,0xff,0xff,0xff,0xff,0xff,0xff,
  0xff,0xff,0xff,0xff,0xff,0xff,0xff,0xff,0xff,0xff,0xff,0xff,0xff,0xff,0xff,0xff,
  0xff,0xff,0x8c,0x2f,0x00,0x00,0x08,0x20,0x00,0x00,0x9c,0x90,0xff,0xff,0xef,0x5b,
  0xef,0x3b,0xef,0x3a,0xef,0x3a,0xf7,0x9c,0xff,0x7b,0x41,0xc5,0x00,0x00,0x00,0x00,
  0x5a,0xe6,0x83,0x77,0x00,0x81,0x10,0x00,0x00,0x00,0x41,0x00,0xff,0x93,0xe6,0x9b,
  0xde,0x55,0xd6,0x34,0xbc,0x89,0x93,0xe1,0xa4,0x08,0xc5,0x0d,0xad,0x4e,0x83,0xab,
  0x8b,0x0c,0x94,0x2c,0xb5,0x71,0xcd,0x13,0xb5,0x52,0xbd,0xb4,0xce,0x16,0xe6,0xb8,
  0xf7,0x5b,0xf7,0x5b,0xf7,0x5b,0xff,0xff,0xff,0xff,0xff,0xff,0xff,0xff,0xff,0xff,
  0xff,0xff,0xff,0xff,0xff,0xff,0xff,0xff,0xff,0xff,0xff,0xff,0xff,0xff,0x73,0xae,
  0x00,0x00,0x00,0x00,0x00,0x00,0x00,0x00,0x73,0xae,0xff,0xff,0xff,0xff,0xff,0xff,
  0xff,0xff,0xff,0xff,0xff,0xff,0xff,0xff,0xff,0xff,0xff,0xff,0xff,0xff,0xff,0xff,
  0xff,0xff,0xff,0xff,0xff,0xff,0xff,0xff,0xff,0xff,0xff,0xff,0xff,0xff,0xff,0xff,
  0xff,0xff,0x8c,0x2f,0x00,0x00,0x08,0x20,0x00,0x00,0x9c,0x90,0xff,0xff,0xef,0x5b,
  0xef,0x3b,0xef,0x3a,0xef,0x3a,0xf7,0x9c,0xf7,0x7b,0x41,0xc5,0x00,0x00,0x00,0x00,
  0x41,0x23,0xd6,0xfd,0x18,0x0b,0x00,0x00,0x08,0x40,0x00,0x00,0xbd,0xc9,0xff,0xbb,
  0xde,0x76,0xd6,0x34,0xbc,0x69,0x92,0x01,0xac,0x07,0xbd,0x8c,0x94,0x8b,0x83,0x6a,
  0x8c,0x0d,0x94,0x8e,0xc5,0x91,0xd6,0xd3,0xbd,0x52,0xc5,0xb5,0xce,0x56,0xde,0xd9,
  0xf7,0x3b,0xf7,0x5b,0xf7,0x5b,0xff,0xff,0xff,0xff,0xff,0xff,0xff,0xff,0xff,0xff,
  0xff,0xff,0xff,0xff,0xff,0xff,0xff,0xff,0xff,0xff,0xff,0xff,0x9c,0xf3,0x00,0x00,
  0x00,0x00,0x00,0x00,0x00,0x00,0x00,0x00,0x00,0x00,0x9c,0xf3,0xff,0xff,0xff,0xff,
  0xff,0xff,0xff,0xff,0xff,0xff,0xff,0xff,0xff,0xff,0xff,0xff,0xff,0xff,0xff,0xff,
  0xff,0xff,0xff,0xff,0xff,0xff,0xff,0xff,0xff,0xff,0xff,0xff,0xff,0xff,0xff,0xff,
  0xff,0xff,0x8c,0x50,0x00,0x00,0x08,0x20,0x00,0x00,0x9c,0x90,0xff,0xff,0xef,0x5b,
  0xef,0x3b,0xef,0x5b,0xef,0x3a,0xf7,0x9c,0xf7,0x7b,0x41,0xc5,0x00,0x00,0x00,0x00,
  0x29,0x02,0xff,0xfd,0x6b,0xf5,0x00,0x00,0x10,0x00,0x00,0x00,0x62,0x40,0xff,0x35,
  0xde,0xf8,0xd6,0x14,0xbc,0x68,0x9b,0x21,0xac,0x07,0xac,0xca,0x7b,0x8b,0x83,0xed,
  0x8c,0xec,0xa4,0xf0,0xcd,0xf2,0xcd,0xb1,0xb5,0x51,0xc5,0xb5,0xce,0x37,0xe6,0xd9,
  0xf7,0x3b,0xef,0x5b,0xf7,0x5b,0xff,0xff,0xff,0xff,0xff,0xff,0xff,0xff,0xff,0xff,
  0xff,0xff,0xff,0xff,0xff,0xff,0xff,0xff,0xff,0xff,0xff,0xff,0x39,0xc7,0x08,0x61,
  0x6b,0x6d,0x94,0xb2,0x94,0xb2,0x6b,0x6d,0x10,0x82,0x31,0xa6,0xff,0xff,0xff,0xff,
  0xff,0xff,0xff,0xff,0xff,0xff,0xff,0xff,0xff,0xff,0xff,0xff,0xff,0xff,0xff,0xff,
  0xff,0xff,0xff,0xff,0xff,0xff,0xff,0xff,0xff,0xff,0xff,0xff,0xff,0xff,0xff,0xff,
  0xff,0xff,0x94,0x70,0x00,0x00,0x08,0x00,0x00,0x00,0x9c,0x70,0xff,0xff,0xef,0x5b,
  0xef,0x3b,0xef,0x5b,0xef,0x3a,0xf7,0x9c,0xf7,0x7b,0x41,0xc5,0x00,0x00,0x00,0x00,
  0x29,0x23,0xff,0x3a,0xc5,0xfd,0x00,0xc5,0x08,0x00,0x00,0x40,0x08,0x00,0xd6,0xac,
  0xee,0x79,0xd6,0x34,0xbc,0x68,0x9b,0x21,0xa4,0xa7,0x8b,0x08,0x7b,0x8b,0x8b,0x0d,
  0x8b,0x0c,0xb4,0x71,0xd5,0x33,0xcd,0x92,0xb5,0x31,0xc5,0xb4,0xce,0x36,0xe6,0xda,
  0xf7,0x5b,0xf7,0x5b,0xf7,0x5b,0xff,0xff,0xff,0xff,0xff,0xff,0xff,0xff,0xff,0xff,
  0xff,0xff,0xff,0xff,0xff,0xff,0xff,0xff,0xff,0xff,0xff,0xff,0x08,0x41,0xc6,0x38,
  0xff,0xff,0xff,0xff,0xff,0xff,0xff,0xff,0xc6,0x38,0x08,0x41,0xff,0xff,0xff,0xff,
  0xff,0xff,0xff,0xff,0xff,0xff,0xff,0xff,0xff,0xff,0xff,0xff,0xff,0xff,0xff,0xff,
  0xff,0xff,0xff,0xff,0xff,0xff,0xff,0xff,0xff,0xff,0xff,0xff,0xff,0xff,0xff,0xff,
  0xff,0xff,0x94,0x50,0x00,0x00,0x08,0x00,0x00,0x00,0x94,0x4f,0xff,0xff,0xef,0x5b,
  0xef,0x3b,0xef,0x3b,0xef,0x3a,0xf7,0x7b,0xf7,0x7b,0x41,0xc5,0x00,0x00,0x00,0x00,
  0x29,0x22,0xf7,0x19,0xff,0xff,0x39,0x8f,0x00,0x00,0x10,0x20,0x00,0x00,0x83,0x24,
  0xff,0x96,0xd6,0x75,0xbc,0x68,0x9b,0x01,0x93,0x06,0x73,0xc8,0x7b,0x8b,0x8c,0x0e,
  0x94,0x8f,0xbd,0xb2,0xde,0x12,0xcd,0xb3,0xb5,0x52,0xc5,0xb4,0xce,0x36,0xe6,0xd9,
  0xf7,0x5b,0xef,0x5b,0xf7,0x5b,0xff,0xff,0xff,0xff,0xff,0xff,0xff,0xff,0xff,0xff,
  0xff,0xff,0xff,0xff,0xff,0xff,0xff,0xff,0xff,0xff,0xff,0xff,0x00,0x20,0xe7,0x3c,
  0xff,0xff,0xff,0xff,0xff,0xff,0xff,0xff,0xe7,0x3c,0x00,0x20,0xff,0xff,0xff,0xff,
  0xff,0xff,0xff,0xff,0xff,0xff,0xff,0xff,0xff,0xff,0xff,0xff,0xff,0xff,0xff,0xff,
  0xff,0xff,0xff,0xff,0xff,0xff,0xff,0xff,0xff,0xff,0xff,0xff,0xff,0xff,0xff,0xff,
  0xff,0xff,0x94,0x90,0x00,0x00,0x08,0x00,0x00,0x00,0x94,0x70,0xff,0xff,0xef,0x3b,
  0xef,0x5b,0xf7,0x3b,0xef,0x5b,0xf7,0x9c,0xf7,0x5b,0x41,0xc5,0x00,0x00,0x00,0x00,
  0x29,0x64,0xef,0x1a,0xff,0xfd,0x9c,0xf9,0x00,0xa2,0x08,0x00,0x00,0x20,0x29,0x00,
  0xe6,0x6e,0xe6,0x38,0xbc,0x88,0x9b,0xc1,0x7b,0x64,0x6a,0xc7,0x7b,0xac,0x8c,0x8b,
  0xa4,0xce,0xcd,0x13,0xd6,0xf2,0xcd,0xb3,0xb5,0x52,0xbd,0xd5,0xce,0x36,0xe6,0xd9,
  0xf7,0x5b,0xf7,0x5b,0xf7,0x5b,0xff,0xff,0xff,0xff,0xff,0xff,0xff,0xff,0xff,0xff,
  0xff,0xff,0xff,0xff,0xff,0xff,0xff,0xff,0xff,0xff,0xff,0xff,0x21,0x24,0x39,0xc7,
  0xb5,0xb6,0xe7,0x1c,0xde,0xfb,0xbd,0xd7,0x39,0xc7,0x21,0x24,0xff,0xff,0xff,0xff,
  0xff,0xff,0xff,0xff,0xff,0xff,0xff,0xff,0xff,0xff,0xff,0xff,0xff,0xff,0xff,0xff,
  0xff,0xff,0xff,0xff,0xff,0xff,0xff,0xff,0xff,0xff,0xff,0xff,0xff,0xff,0xff,0xff,
  0xff,0xff,0x94,0xd1,0x00,0x00,0x08,0x20,0x00,0x00,0x94,0x2f,0xff,0xff,0xef,0x3b,
  0xef,0x5b,0xef,0x3b,0xef,0x3b,0xf7,0x9b,0xf7,0x5b,0x39,0x43,0x00,0x00,0x00,0x00,
  0x31,0xc6,0xf7,0x7b,0xff,0x5b,0xee,0xfd,0x20,0x4b,0x00,0x00,0x08,0x40,0x00,0x00,
  0x9c,0x06,0xf7,0xf6,0xbc,0xa9,0x8a,0x60,0x62,0x03,0x62,0xe8,0x7b,0x6b,0x83,0xec,
  0xb4,0x90,0xd6,0x34,0xd5,0x13,0xcd,0x92,0xb5,0x53,0xc5,0xb5,0xce,0x37,0xe6,0xd9,
  0xf7,0x5b,0xf7,0x5b,0xf7,0x5b,0xff,0xff,0xff,0xff,0xff,0xff,0xff,0xff,0xff,0xff,
  0xff,0xff,0xff,0xff,0xff,0xff,0xff,0xff,0xff,0xff,0xff,0xff,0x73,0xae,0x00,0x00,
  0x00,0x00,0x00,0x00,0x00,0x00,0x00,0x00,0x00,0x00,0x73,0xae,0xff,0xff,0xff,0xff,
  0xff,0xff,0xff,0xff,0xff,0xff,0xff,0xff,0xff,0xff,0xff,0xff,0xff,0xff,0xff,0xff,
  0xff,0xff,0xff,0xff,0xff,0xff,0xff,0xff,0xff,0xff,0xff,0xff,0xff,0xff,0xff,0xff,
  0xff,0xff,0xa4,0x54,0x00,0x00,0x08,0x00,0x00,0x00,0x8c,0xad,0xff,0xff,0xf7,0x3b,
  0xef,0x3b,0xef,0x5b,0xef,0x5b,0xff,0xbc,0xf7,0xd8,0x31,0x81,0x00,0x00,0x00,0x00,
  0x41,0x88,0xf7,0xbc,0xf7,0x3b,0xff,0xdc,0x73,0x15,0x00,0x00,0x10,0x00,0x00,0x00,
  0x4a,0x20,0xee,0x71,0xc4,0x0b,0x7a,0xc0,0x52,0x04,0x6a,0xc8,0x7b,0x6b,0x8b,0x12,
  0xc5,0x34,0xd6,0xf2,0xd6,0x14,0xc5,0xb2,0xb5,0x32,0xc5,0xd5,0xce,0x16,0xe6,0xd9,
  0xf7,0x5b,0xef,0x5b,0xf7,0x5b,0xff,0xff,0xff,0xff,0xff,0xff,0xff,0xff,0xff,0xff,
  0xff,0xff,0xff,0xff,0xff,0xff,0xff,0xff,0xff,0xff,0xff,0xff,0xf7,0x9e,0x31,0x86,
  0x00,0x00,0x00,0x00,0x00,0x00,0x00,0x00,0x31,0x86,0xf7,0x9e,0xff,0xff,0xff,0xff,
  0xff,0xff,0xff,0xff,0xff,0xff,0xff,0xff,0xff,0xff,0xff,0xff,0xff,0xff,0xff,0xff,
  0xff,0xff,0xff,0xff,0xff,0xff,0xff,0xff,0xff,0xff,0xff,0xff,0xff,0xff,0xff,0xff,
  0xff,0xff,0xb5,0x78,0x00,0x40,0x08,0x00,0x00,0x00,0x7b,0x68,0xff,0xfe,0xf7,0x7c,
  0xef,0x3b,0xef,0x5b,0xef,0x3b,0xff,0xfe,0xe6,0x94,0x18,0x00,0x00,0x00,0x00,0x00,
  0x5a,0x8c,0xff,0xfe,0xf7,0x1a,0xff,0x3a,0xce,0xfc,0x00,0x68,0x08,0x00,0x08,0x40,
  0x08,0x00,0xbd,0x29,0xd5,0xca,0x61,0x80,0x4a,0x03,0x6a,0xc7,0x7b,0xac,0xad,0xd4,
  0xd6,0x75,0xd5,0xd2,0xd6,0x14,0xc5,0xf3,0xb5,0x52,0xc5,0xb4,0xce,0x16,0xe6,0xd9,
  0xf7,0x5b,0xf7,0x5b,0xf7,0x5b,0xff,0xff,0xff,0xff,0xff,0xff,0xff,0xff,0xff,0xff,
  0xff,0xff,0xff,0xff,0xff,0xff,0xff,0xff,0xff,0xff,0xff,0xff,0xff,0xff,0xff,0xdf,
  0x9c,0xd3,0x63,0x0c,0x63,0x0c,0x9c,0xd3,0xff,0xdf,0xff,0xff,0xff,0xff,0xff,0xff,
  0xff,0xff,0xff,0xff,0xff,0xff,0xff,0xff,0xff,0xff,0xff,0xff,0xff,0xff,0xff,0xff,
  0xff,0xff,0xff,0xff,0xff,0xff,0xff,0xff,0xff,0xff,0xff,0xff,0xff,0xff,0xff,0xff,
  0xff,0xff,0xd6,0x7c,0x10,0x03,0x00,0x00,0x00,0x00,0x5a,0x60,0xff,0xfa,0xf7,0xff,
  0xf7,0xdc,0xef,0xbc,0xf7,0xdd,0xff,0xff,0xbd,0x2e,0x00,0x00,0x08,0x20,0x00,0x00,
  0x7b,0xb0,0xff,0xfd,0xef,0x3a,0xf7,0xf9,0xff,0xfd,0x52,0x53,0x00,0x00,0x10,0x00,
  0x00,0x00,0x73,0x83,0xc4,0x66,0x51,0x81,0x52,0x24,0x6a,0xc7,0x83,0x6f,0xc5,0x14,
  0xe6,0xf3,0xd5,0xf3,0xd6,0x13,0xcd,0xf4,0xb5,0x73,0xbd,0xd4,0xce,0x16,0xe6,0xb8,
  0xf7,0x3b,0xef,0x3b,0xef,0x3a,0xff,0xff,0xff,0xff,0xff,0xff,0xff,0xff,0xff,0xff,
  0xff,0xff,0xff,0xff,0xff,0xff,0xff,0xff,0xff,0xff,0xff,0xff,0xff,0xff,0xff,0xff,
  0xff,0xff,0xff,0xff,0xff,0xff,0xff,0xff,0xff,0xff,0xff,0xff,0xff,0xff,0xff,0xff,
  0xff,0xff,0xff,0xff,0xff,0xff,0xff,0xff,0xff,0xff,0xff,0xff,0xff,0xff,0xff,0xff,
  0xff,0xff,0xff,0xff,0xff,0xff,0xff,0xff,0xff,0xff,0xff,0xff,0xff,0xff,0xff,0xff,
  0xff,0xff,0xf7,0xff,0x29,0x0b,0x00,0x00,0x00,0x40,0x10,0x00,0xe6,0xc6,0xff,0x36,
  0xff,0x19,0xff,0xd8,0xff,0xb9,0xff,0x12,0x8c,0xc2,0x00,0x00,0x08,0x00,0x00,0x40,
  0x9c,0x56,0xff,0xbc,0xef,0x1a,0xee,0x19,0xff,0x5a,0xb5,0x5a,0x00,0x84,0x08,0x00,
  0x08,0x40,0x39,0x01,0x93,0x64,0x51,0xc1,0x52,0x03,0x62,0xc7,0x9c,0x10,0xde,0x54,
  0xd5,0xf3,0xd5,0xd2,0xd6,0x34,0xd5,0x14,0xbd,0x73,0xbd,0xd5,0xce,0x16,0xde,0x98,
  0xef,0x1a,0xef,0x1a,0xef,0xfa,0xff,0xff,0xff,0xff,0xff,0xff,0xff,0xff,0xff,0xff,
  0xff,0xff,0xff,0xff,0xff,0xff,0xff,0xff,0xff,0xff,0xff,0xff,0x42,0x08,0x42,0x08,
  0x42,0x08,0x42,0x08,0x42,0x08,0x42,0x08,0x42,0x08,0x42,0x08,0xff,0xff,0xff,0xff,
  0xff,0xff,0xff,0xff,0xff,0xff,0xff,0xff,0xff,0xff,0xff,0xff,0xff,0xff,0xff,0xff,
  0xff,0xff,0xff,0xff,0xff,0xff,0xff,0xff,0xff,0xff,0xff,0xff,0xff,0xff,0xff,0xff,
  0xff,0xff,0xff,0xff,0x63,0x53,0x00,0x00,0x10,0x00,0x00,0x40,0x41,0x00,0xd6,0x00,
  0xe7,0x81,0xde,0x80,0xe6,0x40,0xad,0x00,0x18,0x20,0x00,0x40,0x08,0x00,0x10,0xa5,
  0xd6,0x9b,0xff,0x5b,0xef,0x1a,0xef,0x19,0xf7,0x19,0xf7,0xfd,0x39,0x4b,0x00,0x00,
  0x10,0x40,0x29,0x01,0x6a,0x23,0x59,0xc1,0x52,0x03,0x62,0x08,0xb5,0x71,0xde,0xb7,
  0xd5,0x55,0xcd,0xf2,0xde,0x14,0xd6,0x34,0xbd,0x72,0xc5,0xd5,0xce,0x36,0xde,0x78,
  0xef,0xd9,0xef,0xd9,0xe6,0xd9,0xff,0xff,0xff,0xff,0xff,0xff,0xff,0xff,0xff,0xff,
  0xff,0xff,0xff,0xff,0xff,0xff,0xff,0xff,0xff,0xff,0xff,0xff,0x00,0x00,0x00,0x00,
  0x00,0x00,0x00,0x00,0x00,0x00,0x00,0x00,0x00,0x00,0x00,0x00,0xff,0xff,0xff,0xff,
  0xff,0xff,0xff,0xff,0xff,0xff,0xff,0xff,0xff,0xff,0xff,0xff,0xff,0xff,0xff,0xff,
  0xff,0xff,0xff,0xff,0xff,0xff,0xff,0xff,0xff,0xff,0xff,0xff,0xff,0xff,0xff,0xff,
  0xff,0xff,0xff,0xbd,0xb5,0xdd,0x00,0xa6,0x08,0x00,0x10,0x40,0x00,0x40,0x08,0x00,
  0x18,0x00,0x18,0x00,0x10,0x00,0x00,0x20,0x00,0x40,0x10,0x20,0x00,0x00,0x39,0x2e,
  0xff,0xfd,0xf7,0x1a,0xef,0x1a,0xef,0x1a,0xef,0xf9,0xff,0xfd,0x73,0x0e,0x00,0x00,
  0x10,0x40,0x29,0x01,0x62,0x43,0x59,0xc1,0x52,0x03,0x6b,0x08,0xc5,0xf3,0xe6,0xb7,
  0xde,0x76,0xd5,0xf3,0xd6,0x14,0xd6,0x76,0xbd,0xb3,0xc5,0xb4,0xce,0x37,0xd6,0x78,
  0xde,0xb8,0xe6,0xb9,0xe6,0xd9,0xff,0xff,0xff,0xff,0xff,0xff,0xff,0xff,0xff,0xff,
  0xff,0xff,0xff,0xff,0xff,0xff,0xff,0xff,0xff,0xff,0xff,0xff,0x18,0xe3,0x00,0x00,
  0x00,0x20,0x18,0xc3,0x18,0xe3,0x18,0xe3,0x18,0xe3,0x18,0xe3,0xff,0xff,0xff,0xff,
  0xff,0xff,0xff,0xff,0xff,0xff,0xff,0xff,0xff,0xff,0xff,0xff,0xff,0xff,0xff,0xff,
  0xff,0xff,0xff,0xff,0xff,0xff,0xff,0xff,0xff,0xff,0xff,0xff,0xff,0xff,0xff,0xff,
  0xff,0xff,0xff,0x7b,0xff,0xff,0x39,0x36,0x00,0x00,0x10,0x00,0x10,0x00,0x08,0x20,
  0x00,0x40,0x00,0x40,0x00,0x40,0x08,0x20,0x10,0x00,0x10,0x00,0x00,0x85,0x8c,0x7b,
  0xff,0x9b,0xef,0x1a,0xef,0x1a,0xef,0x19,0xe6,0xf9,0xff,0xfd,0x8c,0x4f,0x00,0x00,
  0x10,0x40,0x29,0x02,0x62,0x43,0x59,0xe2,0x52,0xe3,0x73,0x49,0xd5,0x13,0xe6,0x34,
  0xde,0xb1,0xd5,0xf3,0xd6,0x14,0xde,0x75,0xbd,0xf4,0xbd,0xb4,0xce,0x16,0xd6,0x77,
  0xde,0x98,0xde,0xb9,0xe6,0xf9,0xff,0xff,0xff,0xff,0xff,0xff,0xff,0xff,0xff,0xff,
  0xff,0xff,0xff,0xff,0xff,0xff,0xff,0xff,0xff,0xff,0xff,0xff,0x94,0xb2,0x6b,0x4d,
  0xf7,0x9e,0xff,0xff,0xff,0xff,0xff,0xff,0xff,0xff,0xff,0xff,0xff,0xff,0xff,0xff,
  0xff,0xff,0xff,0xff,0xff,0xff,0xff,0xff,0xff,0xff,0xff,0xff,0xff,0xff,0xff,0xff,
  0xff,0xff,0xff,0xff,0xff,0xff,0xff,0xff,0xff,0xff,0xff,0xff,0xff,0xff,0xff,0xff,
  0xff,0xff,0xf7,0x5c,0xff,0x5c,0xce,0xff,0x00,0x16,0x00,0x03,0x08,0x00,0x08,0x00,
  0x08,0x00,0x08,0x00,0x08,0x00,0x10,0x00,0x00,0x00,0x00,0x06,0x39,0x19,0xf7,0xdd,
  0xf7,0x1a,0xef,0x1a,0xef,0x1a,0xef,0x1a,0xee,0x19,0xff,0xfd,0x94,0x4f,0x00,0x00,
  0x10,0x20,0x29,0x01,0x62,0x23,0x59,0xe2,0x49,0xc3,0x7b,0x69,0xd6,0xf3,0xde,0x34,
  0xd5,0x12,0xd5,0xf3,0xd6,0x14,0xde,0x75,0xcd,0x35,0xbd,0xb5,0xce,0x16,0xd6,0x77,
  0xde,0xb9,0xde,0xd9,0xe6,0x1a,0xff,0xff,0xff,0xff,0xff,0xff,0xff,0xff,0xff,0xff,
  0xff,0xff,0xff,0xff,0xff,0xff,0xff,0xff,0xff,0xff,0xff,0xff,0x31,0x86,0xef,0x7d,
  0xff,0xff,0xff,0xff,0xff,0xff,0xff,0xff,0xff,0xff,0xff,0xff,0xff,0xff,0xff,0xff,
  0xff,0xff,0xff,0xff,0xff,0xff,0xff,0xff,0xff,0xff,0xff,0xff,0xff,0xff,0xff,0xff,
  0xff,0xff,0xff,0xff,0xff,0xff,0xff,0xff,0xff,0xff,0xff,0xff,0xff,0xff,0xff,0xff,
  0xff,0xff,0xf7,0x5c,0xf7,0x5b,0xff,0x7b,0xc6,0xff,0x29,0x9c,0x00,0x53,0x00,0x0e,
  0x00,0x0e,0x00,0x2f,0x00,0xee,0x00,0x0e,0x00,0x93,0x4a,0xdc,0xef,0xdd,0xff,0x1a,
  0xef,0x3a,0xef,0x1a,0xef,0x1a,0xef,0x19,0xef,0x19,0xff,0xfd,0x94,0x4f,0x00,0x00,
  0x10,0x20,0x29,0xe1,0x62,0x23,0x59,0xc2,0x49,0xe3,0x7b,0x49,0xd5,0xd2,0xde,0x97,
  0xd6,0x76,0xd5,0x13,0xd6,0x13,0xde,0x75,0xd6,0x76,0xbd,0xf5,0xce,0x16,0xd6,0x57,
  0xde,0xb9,0xde,0xfa,0xe7,0x3b,0xff,0xff,0xff,0xff,0xff,0xff,0xff,0xff,0xff,0xff,
  0xff,0xff,0xff,0xff,0xff,0xff,0xff,0xff,0xff,0xff,0xff,0xff,0x08,0x41,0x7b,0xef,
  0xd6,0xba,0xde,0xfb,0xde,0xfb,0xde,0xfb,0xde,0xfb,0xde,0xfb,0xff,0xff,0xff,0xff,
  0xff,0xff,0xff,0xff,0xff,0xff,0xff,0xff,0xff,0xff,0xff,0xff,0xff,0xff,0xff,0xff,
  0xff,0xff,0xff,0xff,0xff,0xff,0xff,0xff,0xff,0xff,0xff,0xff,0xff,0xff,0xff,0xff,
  0xff,0xff,0xf7,0x7c,0xef,0x7b,0xf7,0x5b,0xff,0x5b,0xf7,0xbc,0xb5,0xff,0x8c,0xff,
  0x8c,0xff,0x8c,0xff,0x83,0xff,0x8c,0xff,0xbd,0xfe,0xff,0x5b,0xff,0x1a,0xef,0x3a,
  0xef,0x3a,0xef,0x1a,0xef,0x1a,0xef,0x1a,0xef,0x19,0xff,0xfd,0x94,0x4f,0x00,0x00,
  0x10,0x20,0x28,0xe1,0x62,0x23,0x59,0xc2,0x51,0xe3,0x7b,0x49,0xd5,0xf2,0xe6,0x14,
  0xde,0x34,0xd6,0x54,0xd6,0x14,0xe6,0x76,0xde,0x77,0xc5,0x36,0xce,0x37,0xd6,0x77,
  0xde,0xd9,0xe6,0x3b,0xef,0x5b,0xff,0xff,0xff,0xff,0xff,0xff,0xff,0xff,0xff,0xff,
  0xff,0xff,0xff,0xff,0xff,0xff,0xff,0xff,0xff,0xff,0xff,0xff,0x18,0xe3,0x00,0x00,
  0x00,0x00,0x00,0x00,0x00,0x00,0x00,0x00,0x00,0x00,0x00,0x00,0xff,0xff,0xff,0xff,
  0xff,0xff,0xff,0xff,0xff,0xff,0xff,0xff,0xff,0xff,0xff,0xff,0xff,0xff,0xff,0xff,
  0xff,0xff,0xff,0xff,0xff,0xff,0xff,0xff,0xff,0xff,0xff,0xff,0xff,0xff,0xff,0xff,
  0xff,0xff,0xf7,0x5b,0xf7,0x7b,0xf7,0x5b,0xf7,0x9c,0xff,0xff,0xff,0xfe,0xff,0x5b,
  0xff,0xd8,0xff,0xb8,0xff,0xfa,0xff,0xdd,0xff,0xfd,0xf7,0x3a,0xef,0x3a,0xef,0x3a,
  0xef,0x3a,0xef,0x1a,0xef,0x19,0xef,0x1a,0xef,0xf9,0xff,0xfd,0x94,0x4f,0x00,0x00,
  0x10,0x20,0x28,0xe1,0x62,0x23,0x59,0xe2,0x51,0xe3,0x7b,0x49,0xd5,0xd1,0xde,0x13,
  0xde,0xd2,0xde,0x13,0xd6,0x34,0xde,0x76,0xde,0xd8,0xce,0x77,0xce,0x58,0xd6,0x98,
  0xe6,0x1a,0xef,0x5b,0xef,0x1a,0xff,0xff,0xff,0xff,0xff,0xff,0xff,0xff,0xff,0xff,
  0xff,0xff,0xff,0xff,0xff,0xff,0xff,0xff,0xff,0xff,0xff,0xff,0x8c,0x51,0x00,0x00,
  0x00,0x00,0x00,0x00,0x00,0x00,0x00,0x00,0x00,0x00,0x00,0x00,0xff,0xff,0xff,0xff,
  0xff,0xff,0xff,0xff,0xff,0xff,0xff,0xff,0xff,0xff,0xff,0xff,0xff,0xff,0xff,0xff,
  0xff,0xff,0xff,0xff,0xff,0xff,0xff,0xff,0xff,0xff,0xff,0xff,0xff,0xff,0xff,0xff,
  0xff,0xff,0xef,0x7c,0xf7,0x5b,0xef,0xfe,0xff,0xfe,0xff,0x73,0xff,0xc9,0xf7,0x43,
  0xe6,0x81,0xde,0x40,0xee,0xa1,0xff,0x47,0xff,0x78,0xef,0xfe,0xef,0x1a,0xef,0x3a,
  0xef,0x3a,0xef,0x1a,0xef,0x19,0xef,0x19,0xee,0x19,0xff,0xfd,0x94,0x4f,0x00,0x00,
  0x10,0x20,0x28,0xe1,0x62,0x24,0x59,0xe2,0x49,0xe3,0x7b,0x49,0xcd,0x91,0xd6,0x35,
  0xd5,0x76,0xd6,0xd2,0xde,0x14,0xde,0x76,0xe6,0xd8,0xde,0xd8,0xd6,0xb8,0xde,0x1a,
  0xef,0x3b,0xef,0x1a,0xef,0xd9,0xff,0xff,0xff,0xff,0xff,0xff,0xff,0xff,0xff,0xff,
  0xff,0xff,0xff,0xff,0xff,0xff,0xff,0xff,0xff,0xff,0xff,0xff,0xff,0xff,0xbd,0xd7,
  0x84,0x30,0x7b,0xef,0x7b,0xef,0x7b,0xef,0x7b,0xef,0x7b,0xef,0xff,0xff,0xff,0xff,
  0xff,0xff,0xff,0xff,0xff,0xff,0xff,0xff,0xff,0xff,0xff,0xff,0xff,0xff,0xff,0xff,
  0xff,0xff,0xff,0xff,0xff,0xff,0xff,0xff,0xff,0xff,0xff,0xff,0xff,0xff,0xff,0xff,
  0xff,0xff,0xf7,0x5c,0xf7,0xfe,0xff,0x7c,0xff,0x26,0xb5,0x00,0x62,0x00,0x31,0x00,
  0x18,0x00,0x10,0x00,0x18,0x00,0x5a,0x00,0xd6,0x40,0xff,0x36,0xef,0xfe,0xef,0x1a,
  0xef,0x3a,0xef,0x1a,0xef,0x1a,0xef,0x19,0xef,0x19,0xff,0xfd,0x94,0x4f,0x00,0x00,
  0x10,0x20,0x28,0xe1,0x62,0x24,0x59,0xe2,0x49,0xc3,0x7b,0x28,0xcd,0xb1,0xde,0xf2,
  0xde,0x14,0xd5,0x55,0xd6,0x34,0xde,0x55,0xe6,0xb7,0xe6,0x19,0xde,0xf9,0xef,0x3a,
  0xef,0x1a,0xe7,0xb9,0xe6,0xd9,0xff,0xff,0xff,0xff,0xff,0xff,0xff,0xff,0xff,0xff,
  0xff,0xff,0xff,0xff,0xff,0xff,0xff,0xff,0xff,0xff,0xff,0xff,0xff,0xff,0xff,0xff,
  0xff,0xff,0xff,0xff,0xff,0xff,0xff,0xff,0xff,0xff,0xff,0xff,0xff,0xff,0xff,0xff,
  0xff,0xff,0xff,0xff,0xff,0xff,0xff,0xff,0xff,0xff,0xff,0xff,0xff,0xff,0xff,0xff,
  0xff,0xff,0xff,0xff,0xff,0xff,0xff,0xff,0xff,0xff,0xff,0xff,0xff,0xff,0xff,0xff,
  0xff,0xff,0xef,0x9c,0xff,0xfe,0xf7,0x48,0x52,0x00,0x00,0x00,0x00,0x40,0x00,0x40,
  0x00,0x40,0x00,0x40,0x00,0x40,0x00,0x40,0x08,0x00,0xce,0x65,0xff,0x9c,0xef,0x9c,
  0xef,0x3a,0xef,0x1a,0xef,0x1a,0xef,0x19,0xef,0xf9,0xff,0xfc,0x94,0x4f,0x00,0x00,
  0x10,0x20,0x28,0xe1,0x62,0x24,0x59,0xe2,0x49,0xc3,0x7b,0x28,0xcd,0xd2,0xd5,0x55,
  0xd6,0x13,0xde,0x55,0xd6,0x35,0xde,0x75,0xe6,0x97,0xef,0xf9,0xe6,0x1a,0xef,0x3a,
  0xef,0xd9,0xde,0x98,0xde,0xd9,0xff,0xff,0xff,0xff,0xff,0xff,0xff,0xff,0xff,0xff,
  0xff,0xff,0xff,0xff,0xff,0xff,0xff,0xff,0xff,0xff,0xff,0xff,0xff,0xff,0xd6,0xba,
  0xc6,0x38,0xd6,0xba,0xff,0xff,0xff,0xff,0xff,0xff,0xff,0xff,0xff,0xff,0xff,0xff,
  0xff,0xff,0xff,0xff,0xff,0xff,0xff,0xff,0xff,0xff,0xff,0xff,0xff,0xff,0xff,0xff,
  0xff,0xff,0xff,0xff,0xff,0xff,0xff,0xff,0xff,0xff,0xff,0xff,0xff,0xff,0xff,0xff,
  0xff,0xff,0xff,0xff,0xff,0x53,0x52,0x00,0x00,0x00,0x08,0x40,0x10,0x20,0x10,0x00,
  0x10,0x00,0x10,0x00,0x10,0x00,0x10,0x60,0x00,0x20,0x31,0x00,0xff,0x70,0xf7,0xfd,
  0xef,0x3a,0xef,0x1a,0xef,0x1a,0xef,0x19,0xee,0x19,0xff,0xfc,0x94,0x4f,0x00,0x00,
  0x10,0x20,0x28,0xe1,0x62,0x24,0x59,0xe2,0x49,0xc3,0x73,0x48,0xd5,0xd2,0xde,0x54,
  0xd6,0x55,0xde,0x34,0xd6,0x35,0xde,0x76,0xde,0x97,0xe6,0xd8,0xef,0x1a,0xef,0x1a,
  0xe6,0x98,0xde,0x98,0xe6,0xf9,0xff,0xff,0xff,0xff,0xff,0xff,0xff,0xff,0xff,0xff,
  0xff,0xff,0xff,0xff,0xff,0xff,0xff,0xff,0xff,0xdf,0x7b,0xef,0x10,0x82,0x00,0x00,
  0x00,0x00,0x00,0x00,0x10,0x82,0x7b,0xcf,0xff,0xdf,0xff,0xff,0xff,0xff,0xff,0xff,
  0xff,0xff,0xff,0xff,0xff,0xff,0xff,0xff,0xff,0xff,0xff,0xff,0xff,0xff,0xff,0xff,
  0xff,0xff,0xff,0xff,0xff,0xff,0xff,0xff,0xff,0xff,0xff,0xff,0xff,0xff,0xff,0xff,
  0xff,0xff,0xff,0xff,0xad,0xea,0x00,0x00,0x08,0x40,0x10,0x20,0x08,0x00,0x00,0x47,
  0x00,0x4f,0x00,0x0a,0x00,0x60,0x10,0x00,0x08,0x60,0x00,0x00,0x94,0xa5,0xff,0x9c,
  0xef,0x5b,0xef,0x3a,0xef,0x1a,0xef,0x1a,0xef,0xf9,0xff,0xfd,0x94,0x4f,0x00,0x00,
  0x10,0x20,0x28,0xe1,0x62,0x44,0x59,0xe3,0x49,0xe3,0x7b,0x48,0xcd,0xd2,0xde,0x34,
  0xde,0x55,0xd6,0x34,0xde,0x35,0xde,0x76,0xde,0xb8,0xe6,0xd8,0xef,0x1a,0xe7,0xd9,
  0xde,0x78,0xde,0xb8,0xe6,0x1a,0xff,0xff,0xff,0xff,0xff,0xff,0xff,0xff,0xff,0xff,
  0xff,0xff,0xff,0xff,0xff,0xff,0xff,0xff,0x4a,0x49,0x00,0x00,0x00,0x00,0x00,0x00,
  0x00,0x00,0x00,0x00,0x00,0x00,0x00,0x00,0x4a,0x49,0xff,0xff,0xff,0xff,0xff,0xff,
  0xff,0xff,0xff,0xff,0xff,0xff,0xff,0xff,0xff,0xff,0xff,0xff,0xff,0xff,0xff,0xff,
  0xff,0xff,0xff,0xff,0xff,0xff,0xff,0xff,0xff,0xff,0xff,0xff,0xff,0xff,0xff,0xff,
  0xff,0xff,0xff,0x9c,0x62,0x84,0x00,0x00,0x10,0x20,0x08,0x00,0x00,0x4c,0x52,0xff,
  0x94,0xff,0x6b,0xff,0x10,0xb4,0x00,0x00,0x10,0x00,0x00,0x00,0x39,0x60,0xf7,0x98,
  0xf7,0xbc,0xef,0x3a,0xef,0x1a,0xef,0x1a,0xee,0x19,0xff,0xfd,0x94,0x4f,0x00,0x00,
  0x10,0x20,0x28,0xe1,0x62,0x44,0x59,0xe3,0x49,0xe3,0x7b,0x28,0xcd,0xb2,0xde,0x55,
  0xde,0x54,0xd6,0x55,0xde,0x55,0xde,0x75,0xe6,0xd8,0xe6,0xf9,0xef,0xf9,0xe6,0x98,
  0xd6,0x77,0xde,0xb9,0xe7,0x3a,0xff,0xff,0xff,0xff,0xff,0xff,0xff,0xff,0xff,0xff,
  0xff,0xff,0xff,0xff,0xff,0xff,0x9c,0xf3,0x00,0x00,0x00,0x00,0x18,0xe3,0x42,0x08,
  0x52,0x8a,0x42,0x08,0x18,0xe3,0x00,0x00,0x00,0x00,0x9c,0xf3,0xff,0xff,0xff,0xff,
  0xff,0xff,0xff,0xff,0xff,0xff,0xff,0xff,0xff,0xff,0xff,0xff,0xff,0xff,0xff,0xff,
  0xff,0xff,0xff,0xff,0xff,0xff,0xff,0xff,0xff,0xff,0xff,0xff,0xff,0xff,0xff,0xff,
  0xff,0xff,0xf7,0x5b,0x39,0x23,0x00,0x00,0x10,0x00,0x00,0xa1,0x73,0x5b,0xff,0xfe,
  0xff,0x3a,0xff,0x7b,0xc5,0xff,0x00,0x2b,0x00,0x00,0x00,0x00,0x10,0x00,0xde,0xd5,
  0xff,0xdd,0xef,0x1a,0xef,0x1a,0xef,0x19,0xef,0x19,0xff,0xfd,0x94,0x4f,0x00,0x00,
  0x10,0x20,0x28,0xe1,0x62,0x44,0x61,0xe3,0x49,0xe4,0x73,0x08,0xcd,0xd1,0xde,0x55,
  0xde,0x55,0xde,0x54,0xde,0x55,0xde,0x55,0xe6,0xb7,0xe6,0x19,0xe6,0xb8,0xd6,0x57,
  0xd6,0x57,0xde,0xf9,0xef,0x5b,0xff,0xff,0xff,0xff,0xff,0xff,0xff,0xff,0xff,0xff,
  0xff,0xff,0xff,0xff,0xff,0xff,0x42,0x08,0x21,0x24,0xc6,0x18,0xff,0xff,0xff,0xff,
  0xff,0xff,0xff,0xff,0xff,0xff,0xc6,0x18,0x21,0x24,0x39,0xe7,0xff,0xff,0xff,0xff,
  0xff,0xff,0xff,0xff,0xff,0xff,0xff,0xff,0xff,0xff,0xff,0xff,0xff,0xff,0xff,0xff,
  0xff,0xff,0xff,0xff,0xff,0xff,0xff,0xff,0xff,0xff,0xff,0xff,0xff,0xff,0xff,0xff,
  0xff,0xff,0xef,0x3b,0x29,0xe2,0x00,0x00,0x00,0x00,0x20,0x27,0xef,0xdd,0xff,0x7c,
  0xef,0x3b,0xf7,0x3b,0xff,0xff,0x6b,0xf2,0x00,0x00,0x08,0x00,0x08,0x00,0xc5,0x53,
  0xff,0xfd,0xef,0x1a,0xef,0x1a,0xef,0x1a,0xef,0x19,0xff,0xfd,0x94,0x4f,0x00,0x00,
  0x10,0x20,0x28,0xe1,0x62,0x44,0x61,0xe3,0x51,0x04,0x73,0x28,0xcd,0xb1,0xde,0x34,
  0xde,0x55,0xd6,0x55,0xde,0x55,0xde,0x76,0xe6,0xb7,0xef,0xf9,0xde,0x77,0xd6,0x36,
  0xd6,0x77,0xe6,0x1a,0xf7,0x7b,0xff,0xff,0xff,0xff,0xff,0xff,0xff,0xff,0xff,0xff,
  0xff,0xff,0xff,0xff,0xff,0xff,0x10,0x82,0xce,0x79,0xff,0xff,0xff,0xff,0xff,0xff,
  0xff,0xff,0xff,0xff,0xff,0xff,0xff,0xff,0xce,0x79,0x10,0x82,0xff,0xff,0xff,0xff,
  0xff,0xff,0xff,0xff,0xff,0xff,0xff,0xff,0xff,0xff,0xff,0xff,0xff,0xff,0xff,0xff,
  0xff,0xff,0xff,0xff,0xff,0xff,0xff,0xff,0xff,0xff,0xff,0xff,0xff,0xff,0xff,0xff,
  0xff,0xff,0xef,0x3b,0x28,0xc2,0x00,0x00,0x00,0x00,0x4a,0x4b,0xff,0xff,0xf7,0x5b,
  0xf7,0x5b,0xef,0x3b,0xff,0xfe,0xa4,0x53,0x00,0x00,0x00,0x00,0x00,0x00,0xb5,0xf1,
  0xff,0xfe,0xef,0x1a,0xef,0x19,0xef,0x1a,0xef,0x19,0xff,0xfd,0x94,0x4f,0x00,0x00,
  0x10,0x20,0x28,0xe1,0x62,0x24,0x61,0x03,0x52,0xe4,0x73,0x08,0xcd,0x91,0xde,0x34,
  0xde,0x55,0xde,0x55,0xde,0x55,0xde,0x76,0xe6,0xb7,0xee,0xb7,0xd6,0x36,0xce,0x36,
  0xd6,0x98,0xe7,0x1a,0xf7,0x5b,0xff,0xff,0xff,0xff,0xff,0xff,0xff,0xff,0xff,0xff,
  0xff,0xff,0xff,0xff,0xff,0xff,0x00,0x20,0xf7,0xbe,0xff,0xff,0xff,0xff,0xff,0xff,
  0xff,0xff,0xff,0xff,0xff,0xff,0xff,0xff,0xff,0xdf,0x00,0x20,0xff,0xff,0xff,0xff,
  0xff,0xff,0xff,0xff,0xff,0xff,0xff,0xff,0xff,0xff,0xff,0xff,0xff,0xff,0xff,0xff,
  0xff,0xff,0xff,0xff,0xff,0xff,0xff,0xff,0xff,0xff,0xff,0xff,0xff,0xff,0xff,0xff,
  0xff,0xff,0xef,0x1a,0x20,0x81,0x00,0x00,0x00,0x00,0x73,0x0e,0xff,0xff,0xf7,0x5b,
  0xef,0x5b,0xf7,0x5a,0xff,0xfe,0xb5,0x53,0x00,0x00,0x00,0x00,0x00,0x00,0xa4,0x90,
  0xff,0xfe,0xef,0x3a,0xef,0x19,0xef,0xf9,0xef,0x19,0xff,0xfd,0x94,0x4f,0x00,0x00,
  0x10,0x20,0x28,0xe1,0x62,0x24,0x62,0x04,0x51,0xe4,0x73,0x28,0xcd,0xb1,0xde,0x34,
  0xde,0x35,0xde,0x55,0xde,0x76,0xde,0x75,0xe6,0xd8,0xe6,0x97,0xce,0xf6,0xce,0x36,
  0xd6,0x98,0xef,0x3a,0xf7,0x7b,0xff,0xff,0xff,0xff,0xff,0xff,0xff,0xff,0xff,0xff,
  0xff,0xff,0xff,0xff,0xff,0xff,0x18,0xc3,0xad,0x55,0xff,0xff,0xff,0xff,0xff,0xff,
  0xff,0xff,0xff,0xff,0xff,0xff,0xff,0xff,0xad,0x75,0x10,0xa2,0xff,0xff,0xff,0xff,
  0xff,0xff,0xff,0xff,0xff,0xff,0xff,0xff,0xff,0xff,0xff,0xff,0xff,0xff,0xff,0xff,
  0xff,0xff,0xff,0xff,0xff,0xff,0xff,0xff,0xff,0xff,0xff,0xff,0xff,0xff,0xff,0xff,
  0xff,0xff,0xe7,0xfa,0x18,0x81,0x00,0x00,0x00,0x00,0x8c,0x90,0xff,0xff,0xf7,0x5b,
  0xef,0x3b,0xef,0x3b,0xff,0xfe,0xb5,0x53,0x00,0x00,0x00,0x00,0x00,0x00,0x9c,0x4f,
  0xff,0xfe,0xef,0x1a,0xef,0x1a,0xee,0x19,0xef,0x19,0xff,0xfd,0x94,0x4f,0x00,0x00,
  0x10,0x20,0x28,0x01,0x62,0x44,0x62,0x24,0x51,0x04,0x73,0x08,0xcd,0x91,0xd6,0x13,
  0xde,0x35,0xd6,0x55,0xde,0x76,0xde,0x76,0xee,0xd7,0xde,0x77,0xc5,0xd5,0xce,0x36,
  0xd6,0x98,0xef,0x3a,0xf7,0x5b,0xff,0xff,0xff,0xff,0xff,0xff,0xff,0xff,0xff,0xff,
  0xff,0xff,0xff,0xff,0xff,0xff,0x52,0x8a,0x08,0x41,0x7b,0xef,0xde,0xdb,0xff,0xff,
  0xff,0xff,0xff,0xff,0xde,0xdb,0x7b,0xef,0x08,0x41,0x52,0x8a,0xff,0xff,0xff,0xff,
  0xff,0xff,0xff,0xff,0xff,0xff,0xff,0xff,0xff,0xff,0xff,0xff,0xff,0xff,0xff,0xff,
  0xff,0xff,0xff,0xff,0xff,0xff,0xff,0xff,0xff,0xff,0xff,0xff,0xff,0xff,0xff,0xff,
  0xff,0xff,0xe6,0xd9,0x18,0x60,0x00,0x00,0x00,0x00,0x94,0xd1,0xff,0xff,0xf7,0x3b,
  0xef,0x5b,0xf7,0x3b,0xff,0xfe,0xb5,0x53,0x00,0x00,0x00,0x00,0x00,0x00,0x94,0x0e,
  0xff,0xfe,0xef,0x1a,0xef,0x1a,0xef,0x19,0xef,0x19,0xff,0xfd,0x94,0x4f,0x00,0x00,
  0x08,0x20,0x21,0xe1,0x6a,0x44,0x62,0x24,0x52,0x04,0x73,0x08,0xcd,0x70,0xd6,0x13,
  0xd6,0x34,0xde,0x55,0xde,0x76,0xde,0x76,0xe6,0xb7,0xde,0x57,0xc5,0xd5,0xce,0x36,
  0xde,0x98,0xef,0x3a,0xf7,0x5b,0xff,0xff,0xff,0xff,0xff,0xff,0xff,0xff,0xff,0xff,
  0xff,0xff,0xff,0xff,0xff,0xff,0xc6,0x18,0x00,0x00,0x00,0x00,0x00,0x00,0x00,0x00,
  0x10,0x82,0x00,0x00,0x00,0x00,0x00,0x00,0x00,0x00,0xbd,0xf7,0xff,0xff,0xff,0xff,
  0xff,0xff,0xff,0xff,0xff,0xff,0xff,0xff,0xff,0xff,0xff,0xff,0xff,0xff,0xff,0xff,
  0xff,0xff,0xff,0xff,0xff,0xff,0xff,0xff,0xff,0xff,0xff,0xff,0xff,0xff,0xff,0xff,
  0xff,0xff,0xe6,0xb8,0x18,0x60,0x00,0x00,0x00,0x00,0xa4,0x33,0xff,0xff,0xef,0x5b,
  0xf7,0x3b,0xf7,0x3b,0xff,0xfe,0xb5,0x32,0x00,0x00,0x00,0x00,0x00,0x00,0x8c,0xed,
  0xff,0xfe,0xef,0x3a,0xef,0x1a,0xef,0x1a,0xef,0x19,0xff,0xfd,0x94,0x4f,0x00,0x00,
  0x10,0x20,0x28,0xe1,0x6a,0x44,0x62,0x03,0x52,0x04,0x73,0x09,0xcd,0x90,0xd6,0xf2,
  0xd6,0x34,0xde,0x55,0xde,0x76,0xde,0x76,0xe6,0xb7,0xd6,0x36,0xc5,0xd5,0xce,0x36,
  0xde,0x98,0xef,0x3a,0xf7,0x5b,0xff,0xff,0xff,0xff,0xff,0xff,0xff,0xff,0xff,0xff,
  0xff,0xff,0xff,0xff,0xff,0xff,0xff,0xff,0x84,0x30,0x00,0x00,0x00,0x00,0x00,0x00,
  0x00,0x00,0x00,0x00,0x00,0x00,0x00,0x00,0x84,0x10,0xff,0xff,0xff,0xff,0xff,0xff,
  0xff,0xff,0xff,0xff,0xff,0xff,0xff,0xff,0xff,0xff,0xff,0xff,0xff,0xff,0xff,0xff,
  0xff,0xff,0xff,0xff,0xff,0xff,0xff,0xff,0xff,0xff,0xff,0xff,0xff,0xff,0xff,0xff,
  0xff,0xff,0xde,0x78,0x10,0x40,0x00,0x00,0x00,0x00,0xad,0x32,0xff,0xff,0xf7,0x5b,
  0xef,0x3b,0xef,0x3b,0xff,0xfe,0xad,0x12,0x00,0x00,0x08,0x00,0x00,0x00,0x83,0xad,
  0xff,0xfe,0xef,0x1a,0xef,0x1a,0xef,0x1a,0xef,0x19,0xff,0xfd,0x94,0x4f,0x00,0x00,
  0x10,0x20,0x28,0xe1,0x6a,0x44,0x62,0x23,0x52,0x04,0x73,0x29,0xcd,0x90,0xd5,0xf3,
  0xd6,0x34,0xde,0x55,0xde,0x76,0xde,0x96,0xe6,0xb7,0xd6,0x36,0xc5,0xd5,0xce,0x36,
  0xde,0x98,0xef,0x3a,0xf7,0x5b,0xff,0xff,0xff,0xff,0xff,0xff,0xff,0xff,0xff,0xff,
  0xff,0xff,0xff,0xff,0xff,0xff,0xff,0xff,0xff,0xff,0xbd,0xf7,0x4a,0x69,0x10,0xa2,
  0x00,0x20,0x10,0xa2,0x4a,0x69,0xbd,0xd7,0xff,0xff,0xff,0xff,0xff,0xff,0xff,0xff,
  0xff,0xff,0xff,0xff,0xff,0xff,0xff,0xff,0xff,0xff,0xff,0xff,0xff,0xff,0xff,0xff,
  0xff,0xff,0xff,0xff,0xff,0xff,0xff,0xff,0xff,0xff,0xff,0xff,0xff,0xff,0xff,0xff,
  0xff,0xff,0xd6,0x37,0x10,0x20,0x00,0x00,0x00,0x00,0xad,0x53,0xff,0xfe,0xf7,0x5b,
  0xef,0x5b,0xef,0x5b,0xff,0xfe,0xad,0x32,0x00,0x00,0x08,0x00,0x00,0x00,0x7b,0x6c,
  0xff,0xfe,0xef,0x3a,0xef,0x1a,0xef,0x1a,0xef,0x19,0xff,0xfd,0x94,0x2e,0x00,0x00,
  0x10,0x20,0x20,0xe1,0x6a,0x44,0x62,0x23,0x52,0x05,0x7b,0x29,0xcd,0x90,0xd5,0xf3,
  0xde,0x34,0xde,0x55,0xde,0x76,0xe6,0x96,0xe6,0xb7,0xd6,0x16,0xc5,0xd5,0xce,0x36,
  0xde,0x78,0xef,0x3a,0xf7,0x5b,0xff,0xff,0xff,0xff,0xff,0xff,0xff,0xff,0xff,0xff,
  0xff,0xff,0xff,0xff,0xff,0xff,0xff,0xff,0xff,0xff,0xff,0xff,0xff,0xff,0xff,0xff,
  0xff,0xff,0xff,0xff,0xff,0xff,0xff,0xff,0xff,0xff,0xff,0xff,0xff,0xff,0xff,0xff,
  0xff,0xff,0xff,0xff,0xff,0xff,0xff,0xff,0xff,0xff,0xff,0xff,0xff,0xff,0xff,0xff,
  0xff,0xff,0xff,0xff,0xff,0xff,0xff,0xff,0xff,0xff,0xff,0xff,0xff,0xff,0xff,0xff,
  0xff,0xff,0xce,0x16,0x10,0x20,0x00,0x00,0x00,0x00,0xad,0xb4,0xff,0xfe,0xf7,0x5b,
  0xf7,0x5b,0xef,0x5b,0xff,0xfe,0xad,0x53,0x00,0x00,0x08,0x00,0x00,0x00,0x73,0x2a,
  0xff,0xfd,0xef,0x3a,0xef,0x1a,0xef,0xf9,0xef,0x19,0xff,0xfd,0x8c,0x2e,0x00,0x00,
  0x10,0x40,0x28,0xe1,0x6a,0x44,0x62,0x24,0x52,0x25,0x7b,0x29,0xcd,0x90,0xd5,0x13,
  0xde,0x34,0xde,0x55,0xde,0x76,0xe6,0x97,0xe6,0xb7,0xce,0x16,0xc5,0xd5,0xce,0x36,
  0xde,0x78,0xef,0x3a,0xf7,0x5b,0xff,0xff,0xff,0xff,0xff,0xff,0xff,0xff,0xff,0xff,
  0xff,0xff,0xff,0xff,0xff,0xff,0xff,0xff,0xad,0x55,0x31,0xa6,0x18,0xc3,0x39,0xc7,
  0xb5,0x96,0xff,0xff,0xff,0xff,0xff,0xff,0x4a,0x69,0x73,0x8e,0xff,0xff,0xff,0xff,
  0xff,0xff,0xff,0xff,0xff,0xff,0xff,0xff,0xff,0xff,0xff,0xff,0xff,0xff,0xff,0xff,
  0xff,0xff,0xff,0xff,0xff,0xff,0xff,0xff,0xff,0xff,0xff,0xff,0xff,0xff,0xff,0xff,
  0xff,0xff,0xce,0xd5,0x08,0x00,0x00,0x00,0x00,0x00,0xbd,0xb4,0xff,0xfe,0xf7,0x5b,
  0xef,0x5b,0xef,0x3b,0xff,0xfd,0xb5,0x94,0x00,0x00,0x08,0x00,0x00,0x00,0x6b,0xc9,
  0xff,0xdc,0xef,0x3a,0xef,0x1a,0xee,0x1a,0xef,0x19,0xff,0xfd,0x8c,0x2e,0x00,0x00,
  0x10,0x40,0x28,0x01,0x6a,0x44,0x62,0x24,0x52,0x25,0x73,0x29,0xcd,0xb1,0xd6,0x13,
  0xd6,0x34,0xde,0x55,0xde,0x76,0xe6,0xb7,0xe6,0xb7,0xc6,0xf5,0xc5,0xd5,0xce,0x36,
  0xde,0x98,0xef,0x5b,0xef,0x5b,0xff,0xff,0xff,0xff,0xff,0xff,0xff,0xff,0xff,0xff,
  0xff,0xff,0xff,0xff,0xff,0xff,0xbd,0xd7,0x00,0x00,0x00,0x00,0x00,0x00,0x00,0x00,
  0x00,0x00,0xce,0x59,0xff,0xff,0xff,0xff,0x7b,0xef,0x31,0x86,0xff,0xff,0xff,0xff,
  0xff,0xff,0xff,0xff,0xff,0xff,0xff,0xff,0xff,0xff,0xff,0xff,0xff,0xff,0xff,0xff,
  0xff,0xff,0xff,0xff,0xff,0xff,0xff,0xff,0xff,0xff,0xff,0xff,0xff,0xff,0xff,0xff,
  0xff,0xff,0xc5,0xb5,0x08,0x00,0x00,0x00,0x08,0x00,0xbd,0xb4,0xff,0xfe,0xf7,0x5b,
  0xef,0x5b,0xef,0x5b,0xff,0xfd,0xbd,0x16,0x08,0x20,0x00,0x00,0x00,0x00,0x62,0x47,
  0xff,0xbc,0xf7,0x5b,0xef,0x1a,0xef,0x19,0xef,0x19,0xff,0xfd,0x8c,0x2e,0x00,0x00,
  0x10,0x20,0x29,0x01,0x6a,0x44,0x62,0x45,0x52,0x25,0x73,0x29,0xcd,0xb1,0xd6,0x13,
  0xd6,0x34,0xde,0x75,0xde,0x76,0xe6,0xb7,0xe6,0xb7,0xc5,0xd5,0xc5,0xd5,0xce,0x16,
  0xde,0x98,0xef,0x5b,0xf7,0x7b,0xff,0xff,0xff,0xff,0xff,0xff,0xff,0xff,0xff,0xff,
  0xff,0xff,0xff,0xff,0xff,0xff,0x42,0x08,0x10,0xa2,0x52,0x8a,0x08,0x61,0x00,0x00,
  0x00,0x00,0x52,0xaa,0xff,0xff,0xff,0xff,0xce,0x59,0x10,0xa2,0xff,0xff,0xff,0xff,
  0xff,0xff,0xff,0xff,0xff,0xff,0xff,0xff,0xff,0xff,0xff,0xff,0xff,0xff,0xff,0xff,
  0xff,0xff,0xff,0xff,0xff,0xff,0xff,0xff,0xff,0xff,0xff,0xff,0xff,0xff,0xff,0xff,
  0xff,0xff,0xbd,0x74,0x08,0x00,0x00,0x00,0x08,0x00,0xbd,0xb4,0xff,0xfe,0xf7,0x5b,
  0xf7,0x5b,0xef,0x5b,0xff,0xbc,0xc6,0x98,0x10,0x60,0x00,0x00,0x00,0x00,0x52,0xe6,
  0xff,0x7b,0xf7,0x7b,0xef,0x1a,0xef,0x19,0xef,0x1a,0xff,0xfd,0x8c,0xee,0x00,0x00,
  0x10,0x40,0x29,0x02,0x6a,0x64,0x62,0x24,0x52,0x45,0x73,0x08,0xcd,0x91,0xd6,0x13,
  0xd6,0x34,0xde,0x56,0xde,0x76,0xe6,0xd7,0xe6,0xb7,0xc5,0xd5,0xc5,0xd5,0xce,0x36,
  0xde,0x98,0xf7,0x3b,0xf7,0x5c,0xff,0xff,0xff,0xff,0xff,0xff,0xff,0xff,0xff,0xff,
  0xff,0xff,0xff,0xff,0xff,0xff,0x10,0xa2,0xce,0x59,0xff,0xff,0xa5,0x34,0x00,0x00,
  0x00,0x00,0x08,0x41,0xff,0xdf,0xff,0xff,0xef,0x7d,0x08,0x41,0xff,0xff,0xff,0xff,
  0xff,0xff,0xff,0xff,0xff,0xff,0xff,0xff,0xff,0xff,0xff,0xff,0xff,0xff,0xff,0xff,
  0xff,0xff,0xff,0xff,0xff,0xff,0xff,0xff,0xff,0xff,0xff,0xff,0xff,0xff,0xff,0xff,
  0xff,0xff,0xb5,0x53,0x00,0x00,0x00,0x00,0x00,0x00,0xbd,0xb4,0xff,0xfe,0xf7,0x5b,
  0xef,0x3b,0xef,0x5b,0xff,0xbc,0xde,0xfa,0x10,0xa1,0x00,0x00,0x00,0x00,0x41,0x44,
  0xf7,0x3a,0xf7,0x7b,0xef,0x1a,0xef,0x1a,0xef,0xf9,0xff,0xfd,0x8b,0x6c,0x00,0x00,
  0x10,0x40,0x29,0x22,0x6a,0x85,0x62,0x24,0x52,0x46,0x73,0xc8,0xcd,0x91,0xde,0x33,
  0xd6,0x34,0xde,0x56,0xde,0x96,0xe6,0xd7,0xe6,0x97,0xc5,0xd5,0xc5,0xd5,0xce,0x36,
  0xde,0x98,0xef,0x5b,0xf7,0x5c,0xff,0xff,0xff,0xff,0xff,0xff,0xff,0xff,0xff,0xff,
  0xff,0xff,0xff,0xff,0xff,0xff,0x00,0x00,0xf7,0xbe,0xff,0xff,0xf7,0xbe,0x00,0x20,
  0x00,0x00,0x00,0x00,0xbd,0xd7,0xff,0xff,0xf7,0x9e,0x00,0x00,0xff,0xff,0xff,0xff,
  0xff,0xff,0xff,0xff,0xff,0xff,0xff,0xff,0xff,0xff,0xff,0xff,0xff,0xff,0xff,0xff,
  0xff,0xff,0xff,0xff,0xff,0xff,0xff,0xff,0xff,0xff,0xff,0xff,0xff,0xff,0xff,0xff,
  0xff,0xff,0xb5,0x32,0x00,0x00,0x00,0x00,0x08,0x00,0xbd,0xb4,0xff,0xfe,0xf7,0x5b,
  0xef,0x3b,0xef,0x3b,0xff,0x9c,0xe6,0x5a,0x18,0x64,0x00,0x00,0x00,0x00,0x39,0xa1,
  0xf7,0xd9,0xf7,0x9c,0xef,0xfa,0xef,0x1a,0xee,0x3a,0xff,0xbc,0x7b,0x88,0x00,0x00,
  0x10,0x40,0x29,0x42,0x72,0xc6,0x62,0x24,0x5a,0x66,0x6a,0xa7,0xc5,0x30,0xde,0x54,
  0xd6,0x35,0xde,0x76,0xde,0x96,0xe6,0xd8,0xde,0x97,0xbd,0xb4,0xc5,0xd5,0xce,0x16,
  0xde,0x98,0xf7,0x5b,0xf7,0x5b,0xff,0xff,0xff,0xff,0xff,0xff,0xff,0xff,0xff,0xff,
  0xff,0xff,0xff,0xff,0xff,0xff,0x08,0x41,0xde,0xdb,0xff,0xff,0xff,0xff,0x39,0xe7,
  0x00,0x00,0x00,0x00,0x4a,0x49,0xef,0x7d,0x8c,0x51,0x10,0xa2,0xff,0xff,0xff,0xff,
  0xff,0xff,0xff,0xff,0xff,0xff,0xff,0xff,0xff,0xff,0xff,0xff,0xff,0xff,0xff,0xff,
  0xff,0xff,0xff,0xff,0xff,0xff,0xff,0xff,0xff,0xff,0xff,0xff,0xff,0xff,0xff,0xff,
  0xff,0xff,0xad,0xf2,0x00,0x00,0x00,0x00,0x08,0x00,0xbd,0xb4,0xff,0xfe,0xef,0x5b,
  0xef,0x5b,0xf7,0x3b,0xff,0x7b,0xf7,0xbc,0x31,0x47,0x00,0x00,0x00,0x00,0x18,0x00,
  0xe6,0xd5,0xff,0xfd,0xee,0x19,0xef,0x19,0xef,0x5a,0xff,0x7a,0x5a,0x84,0x00,0x00,
  0x10,0x20,0x31,0x83,0x7a,0x47,0x62,0x04,0x5a,0x86,0x62,0xa7,0xbd,0xae,0xde,0x54,
  0xde,0x75,0xde,0x76,0xde,0x97,0xe6,0xf8,0xde,0x77,0xbd,0x94,0xc5,0xd5,0xce,0x16,
  0xde,0xb8,0xf7,0x7b,0xf7,0x5b,0xff,0xff,0xff,0xff,0xff,0xff,0xff,0xff,0xff,0xff,
  0xff,0xff,0xff,0xff,0xff,0xff,0x18,0xe3,0x9c,0xf3,0xff,0xff,0xff,0xff,0x84,0x30,
  0x00,0x00,0x00,0x00,0x00,0x00,0x00,0x00,0x00,0x00,0x4a,0x69,0xff,0xff,0xff,0xff,
  0xff,0xff,0xff,0xff,0xff,0xff,0xff,0xff,0xff,0xff,0xff,0xff,0xff,0xff,0xff,0xff,
  0xff,0xff,0xff,0xff,0xff,0xff,0xff,0xff,0xff,0xff,0xff,0xff,0xff,0xff,0xff,0xff,
  0xff,0xff,0xa4,0xb1,0x00,0x00,0x00,0x00,0x08,0x00,0xbd,0x94,0xff,0xfe,0xf7,0x5b,
  0xf7,0x5b,0xef,0x5b,0xf7,0x5b,0xff,0xfe,0x52,0x6d,0x00,0x00,0x00,0x40,0x00,0x00,
  0xc5,0x8c,0xff,0xff,0xef,0xfd,0xef,0xdd,0xf7,0xff,0xf7,0x36,0x39,0x00,0x00,0x00,
  0x08,0x20,0x39,0xc4,0x8b,0x0a,0x5a,0x24,0x5a,0x87,0x62,0xa7,0xa4,0x0c,0xde,0xd2,
  0xde,0x55,0xde,0x96,0xe6,0xb7,0xee,0xf8,0xde,0x56,0xbd,0x94,0xc5,0xd5,0xce,0x16,
  0xde,0xb8,0xf7,0x7c,0xf7,0x7c,0xff,0xff,0xff,0xff,0xff,0xff,0xff,0xff,0xff,0xff,
  0xff,0xff,0xff,0xff,0xff,0xff,0x39,0xc7,0x39,0xc7,0xff,0xff,0xff,0xff,0xef,0x5d,
  0x10,0xa2,0x00,0x00,0x00,0x00,0x00,0x00,0x08,0x41,0xce,0x59,0xff,0xff,0xff,0xff,
  0xff,0xff,0xff,0xff,0xff,0xff,0xff,0xff,0xff,0xff,0xff,0xff,0xff,0xff,0xff,0xff,
  0xff,0xff,0xff,0xff,0xff,0xff,0xff,0xff,0xff,0xff,0xff,0xff,0xff,0xff,0xff,0xff,
  0xff,0xff,0x9c,0x90,0x00,0x00,0x00,0x00,0x08,0x00,0xbd,0xb4,0xff,0xfe,0xf7,0x5b,
  0xf7,0x5b,0xf7,0x3a,0xef,0x3b,0xff,0xfe,0x7b,0xf2,0x00,0x00,0x10,0x20,0x00,0x00,
  0x7b,0x40,0xff,0x4e,0xff,0xf5,0xff,0x93,0xff,0xf1,0xd6,0x65,0x08,0x00,0x08,0x40,
  0x08,0x00,0x41,0x46,0xa4,0xac,0x5a,0x44,0x5a,0x87,0x62,0xc8,0x94,0x6b,0xcd,0xf0,
  0xde,0xd4,0xde,0x56,0xe6,0xb7,0xee,0xf9,0xd6,0x36,0xbd,0x74,0xc5,0xf5,0xce,0x16,
  0xde,0xd9,0xf7,0x7c,0xf7,0x7c,0xff,0xff,0xff,0xff,0xff,0xff,0xff,0xff,0xff,0xff,
  0xff,0xff,0xff,0xff,0xff,0xff,0xff,0xff,0xff,0xff,0xff,0xff,0xff,0xff,0xff,0xff,
  0xe7,0x3c,0x73,0xae,0x52,0x8a,0x6b,0x6d,0xd6,0xba,0xff,0xff,0xff,0xff,0xff,0xff,
  0xff,0xff,0xff,0xff,0xff,0xff,0xff,0xff,0xff,0xff,0xff,0xff,0xff,0xff,0xff,0xff,
  0xff,0xff,0xff,0xff,0xff,0xff,0xff,0xff,0xff,0xff,0xff,0xff,0xff,0xff,0xff,0xff,
  0xff,0xff,0x9c,0x2f,0x00,0x00,0x00,0x00,0x08,0x00,0xbd,0x94,0xff,0xfe,0xf7,0x5b,
  0xef,0x5b,0xf7,0x5a,0xef,0x3a,0xff,0x9c,0xa4,0xf9,0x00,0xa2,0x08,0x00,0x00,0x40,
  0x10,0x20,0x94,0x00,0xc5,0x00,0xb5,0x00,0xa4,0x00,0x31,0x00,0x00,0x40,0x10,0x40,
  0x00,0x00,0x52,0x4a,0xc4,0xcf,0x62,0x84,0x5a,0x67,0x62,0xc8,0x7b,0x4a,0xac,0xed,
  0xcd,0xf1,0xde,0xd4,0xe6,0x97,0xee,0xd8,0xd6,0xd5,0xb5,0x74,0xc5,0xf5,0xce,0x16,
  0xe6,0xfa,0xf7,0x7c,0xf7,0x5c,0xff,0xff,0xff,0xff,0xff,0xff,0xff,0xff,0xff,0xff,
  0xff,0xff,0xff,0xff,0xff,0xff,0xff,0xff,0xff,0xff,0xff,0xff,0xff,0xff,0xff,0xff,
  0xff,0xff,0xff,0xff,0xff,0xff,0xff,0xff,0xff,0xff,0xff,0xff,0xff,0xff,0xff,0xff,
  0xff,0xff,0xff,0xff,0xff,0xff,0xff,0xff,0xff,0xff,0xff,0xff,0xff,0xff,0xff,0xff,
  0xff,0xff,0xff,0xff,0xff,0xff,0xff,0xff,0xff,0xff,0xff,0xff,0xff,0xff,0xff,0xff,
  0xff,0xff,0x8c,0x33,0x00,0x00,0x00,0x00,0x00,0x00,0xbd,0xd5,0xff,0xfe,0xf7,0x5b,
  0xef,0x5b,0xef,0x3b,0xef,0x3b,0xff,0x5b,0xe6,0xfe,0x18,0xcd,0x00,0x00,0x10,0x20,
  0x08,0x40,0x00,0x20,0x08,0x00,0x08,0x00,0x00,0x20,0x00,0x40,0x10,0x40,0x10,0x00,
  0x00,0x00,0x73,0x72,0xe5,0x0f,0x72,0x26,0x5a,0xc8,0x62,0xe9,0x73,0x2a,0x8b,0xac,
  0xac,0x2e,0xc5,0xf1,0xde,0xf5,0xe6,0x57,0xc5,0x94,0xb5,0x94,0xc5,0xd5,0xce,0x36,
  0xe6,0x1a,0xf7,0x7c,0xf7,0x5c,0xff,0xff,0xff,0xff,0xff,0xff,0xff,0xff,0xff,0xff,
  0xff,0xff,0xff,0xff,0xff,0xff,0xff,0xff,0xff,0xff,0xff,0xff,0xff,0xff,0xff,0xff,
  0xff,0xff,0xff,0xff,0xff,0xff,0xff,0xff,0xff,0xff,0xff,0xff,0xff,0xff,0xff,0xff,
  0xff,0xff,0xff,0xff,0xff,0xff,0xff,0xff,0xff,0xff,0xff,0xff,0xff,0xff,0xff,0xff,
  0xff,0xff,0xff,0xff,0xff,0xff,0xff,0xff,0xff,0xff,0xff,0xff,0xff,0xff,0xff,0xff,
  0xff,0xff,0xad,0xdd,0x00,0x8c,0x00,0x20,0x00,0xc9,0xc5,0x7c,0xff,0x9c,0xf7,0x5b,
  0xef,0x5b,0xef,0x3a,0xf7,0x3a,0xef,0x3a,0xff,0xbc,0x83,0x9c,0x00,0xc5,0x08,0x00,
  0x10,0x00,0x08,0x40,0x08,0x40,0x08,0x40,0x08,0x20,0x10,0x00,0x10,0x00,0x00,0x00,
  0x00,0x6b,0xbd,0x7a,0xee,0x8d,0x8b,0x28,0x62,0x6a,0x6a,0x4a,0x73,0x8b,0x7b,0xac,
  0x8c,0xed,0xac,0x6f,0xcd,0x32,0xd6,0x94,0xbd,0x73,0xb5,0xb5,0xc5,0xd5,0xce,0x37,
  0xef,0x3b,0xf7,0x7c,0xf7,0x7c,0xff,0xff,0xff,0xff,0xff,0xff,0xff,0xff,0xff,0xff,
  0xff,0xff,0xff,0xff,0xff,0xff,0xff,0xff,0xff,0xff,0xff,0xff,0xff,0xff,0xff,0xff,
  0xff,0xff,0xff,0xff,0xff,0xff,0xff,0xff,0xff,0xff,0xff,0xff,0xff,0xff,0xff,0xff,
  0xff,0xff,0xff,0xff,0xff,0xff,0xff,0xff,0xff,0xff,0xff,0xff,0xff,0xff,0xff,0xff,
  0xff,0xff,0xff,0xff,0xff,0xff,0xff,0xff,0xff,0xff,0xff,0xff,0xff,0xff,0xff,0xff,
  0xff,0xff,0xff,0x9d,0x73,0xde,0x10,0x7b,0x62,0xbd,0xf7,0x7c,0xf7,0x3b,0xef,0x5b,
  0xf7,0x5b,0xf7,0x3b,0xef,0x3b,0xef,0x3a,0xff,0x3a,0xff,0xfd,0x41,0x7b,0x00,0xc9,
  0x00,0x00,0x08,0x00,0x10,0x00,0x10,0x00,0x08,0x00,0x00,0x00,0x00,0x23,0x00,0x90,
  0x73,0x7a,0xff,0xd8,0xdd,0x4d,0xac,0xca,0x7b,0xce,0x73,0x2d,0x7b,0x2d,0x83,0x2d,
  0x83,0x2e,0x94,0x4f,0xad,0xb0,0xbd,0x32,0xb5,0x53,0xbd,0xb5,0xc5,0xd6,0xce,0x78,
  0xef,0x5b,0xf7,0x7c,0xf7,0x7c,0xff,0xff,0xff,0xff,0xff,0xff,0xff,0xff,0xff,0xff,
  0xff,0xff,0xff,0xff,0xff,0xff,0xff,0xff,0xff,0xff,0xff,0xff,0xff,0xff,0xff,0xff,
  0xff,0xff,0xff,0xff,0xff,0xff,0xff,0xff,0xff,0xff,0xff,0xff,0xff,0xff,0xff,0xff,
  0xff,0xff,0xff,0xff,0xff,0xff,0xff,0xff,0xff,0xff,0xff,0xff,0xff,0xff,0xff,0xff,
  0xff,0xff,0xff,0xff,0xff,0xff,0xff,0xff,0xff,0xff,0xff,0xff,0xff,0xff,0xff,0xff,
  0xff,0xff,0xf7,0x7c,0xff,0x7c,0xf7,0xfe,0xff,0xdd,0xf7,0x5b,0xef,0x5b,0xef,0x5b,
  0xf7,0x3b,0xf7,0x5b,0xef,0x5a,0xef,0x3a,0xef,0x3a,0xff,0x1a,0xf7,0xbd,0x62,0xfe,
  0x00,0x16,0x00,0x0e,0x00,0x8c,0x00,0x8c,0x00,0x4f,0x00,0xd4,0x31,0x5b,0x9c,0xfd,
  0xff,0xf8,0xe6,0x76,0xd5,0x6c,0xc4,0x2b,0xac,0xb1,0x94,0x71,0x94,0x51,0x8c,0x10,
  0x8c,0xb0,0x94,0x90,0x9c,0xb0,0xad,0xf1,0xb5,0x73,0xbd,0x94,0xc5,0xd6,0xd6,0xd9,
  0xf7,0x7b,0xf7,0x7c,0xf7,0x7c,0xff,0xff,0xff,0xff,0xff,0xff,0xff,0xff,0xff,0xff,
  0xff,0xff,0xff,0xff,0xff,0xff,0xff,0xff,0xff,0xff,0xff,0xff,0xff,0xff,0xff,0xff,
  0xff,0xff,0xff,0xff,0xff,0xff,0xff,0xff,0xff,0xff,0xff,0xff,0xff,0xff,0xff,0xff,
  0xff,0xff,0xff,0xff,0xff,0xff,0xff,0xff,0xff,0xff,0xff,0xff,0xff,0xff,0xff,0xff,
  0xff,0xff,0xff,0xff,0xff,0xff,0xff,0xff,0xff,0xff,0xff,0xff,0xff,0xff,0xff,0xff,
  0xff,0xff,0xf7,0x9d,0xf7,0xff,0xff,0xdd,0xff,0xdd,0xf7,0xff,0xf7,0x9c,0xf7,0x3a,
  0xef,0x3b,0xef,0x5b,0xef,0x3a,0xef,0x3b,0xef,0x3b,0xef,0x3a,0xff,0x3a,0xff,0x5a,
  0xce,0xdc,0x8c,0xfe,0x7b,0xfe,0x7b,0xfe,0x94,0xfe,0xc5,0xbc,0xf7,0x3a,0xff,0xf9,
  0xee,0xb8,0xde,0x96,0xd5,0x8d,0xcd,0x0c,0xcd,0xb1,0xc5,0xf3,0xbd,0x13,0xad,0x14,
  0x9c,0xb4,0x9c,0x32,0x9c,0xf1,0xa4,0x12,0xb5,0x73,0xbd,0xb4,0xc5,0x37,0xe6,0x1a,
  0xf7,0x7b,0xf7,0x7c,0xf7,0x7c,0xff,0xff,0xff,0xff,0xff,0xff,0xff,0xff,0xff,0xff,
  0xff,0xff,0xff,0xff,0xff,0xff,0xff,0xff,0xff,0xff,0xff,0xff,0xff,0xff,0xff,0xff,
  0xff,0xff,0xff,0xff,0xff,0xff,0xff,0xff,0xff,0xff,0xff,0xff,0xff,0xff,0xff,0xff,
  0xff,0xff,0xff,0xff,0xff,0xff,0xff,0xff,0xff,0xff,0xff,0xff,0xff,0xff,0xff,0xff,
  0xff,0xff,0xff,0xff,0xff,0xff,0xff,0xff,0xff,0xff,0xff,0xff,0xff,0xff,0xff,0xff,
  0xff,0xff,0xff,0xde,0xff,0x70,0xff,0xe5,0xff,0xe5,0xff,0x6f,0xf7,0xdd,0xef,0xbd,
  0xef,0x1a,0xef,0x7b,0xef,0xfe,0xef,0xfe,0xef,0xfe,0xef,0xfe,0xef,0xfe,0xf7,0xfe,
  0xff,0xfe,0xff,0xfe,0xff,0xfe,0xff,0xfd,0xff,0xfd,0xff,0xfd,0xf7,0xfd,0xee,0xfd,
  0xe6,0xbc,0xde,0x18,0xd5,0x4d,0xcd,0xaa,0xcd,0x30,0xd5,0x92,0xd6,0xd3,0xd6,0x35,
  0xc5,0x96,0xad,0x36,0xa4,0x94,0xad,0x53,0xb5,0x94,0xbd,0xf6,0xce,0x98,0xef,0x5b,
  0xf7,0x7c,0xf7,0x7c,0xf7,0x7c,0xff,0xff,0xff,0xff,0xff,0xff,0xff,0xff,0xff,0xff,
  0xff,0xff,0xff,0xff,0xff,0xff,0xff,0xff,0xff,0xff,0xff,0xff,0xff,0xff,0xff,0xff,
  0xff,0xff,0xff,0xff,0xff,0xff,0xff,0xff,0xff,0xff,0xff,0xff,0xff,0xff,0xff,0xff,
  0xff,0xff,0xff,0xff,0xff,0xff,0xff,0xff,0xff,0xff,0xff,0xff,0xff,0xff,0xff,0xff,
  0xff,0xff,0xff,0xff,0xff,0xff,0xff,0xff,0xff,0xff,0xff,0xff,0xff,0xff,0xff,0xff,
  0xff,0xff,0xff,0x0a,0x94,0x00,0x39,0x00,0x41,0x00,0x94,0x00,0xff,0xc9,0xff,0xdd,
  0xef,0x9c,0xf7,0x5a,0xff,0x32,0xff,0x4f,0xff,0x91,0xff,0x90,0xff,0x90,0xff,0x90,
  0xff,0x8f,0xff,0x90,0xff,0x90,0xff,0x90,0xff,0x90,0xff,0x6f,0xff,0x70,0xff,0x6f,
  0xff,0x4e,0xf7,0x92,0xcd,0x4d,0xb4,0xc9,0xbd,0x4d,0xc5,0x8f,0xcd,0xf0,0xd6,0x93,
  0xde,0x35,0xd6,0xb8,0xbd,0x77,0xb5,0x16,0xbd,0x16,0xc5,0x78,0xde,0x1a,0xef,0x5b,
  0xf7,0x7c,0xf7,0x7c,0xf7,0x7c,0xff,0xff,0xff,0xff,0xff,0xff,0xff,0xff,0xff,0xff,
  0xff,0xff,0xff,0xff,0xff,0xff,0xff,0xff,0xff,0xff,0xff,0xff,0xff,0xff,0xff,0xff,
  0xff,0xff,0xff,0xff,0xff,0xff,0xff,0xff,0xff,0xff,0xff,0xff,0xff,0xff,0xff,0xff,
  0xff,0xff,0xff,0xff,0xff,0xff,0xff,0xff,0xff,0xff,0xff,0xff,0xff,0xff,0xff,0xff,
  0xff,0xff,0xff,0xff,0xff,0xff,0xff,0xff,0xff,0xff,0xff,0xff,0xff,0xff,0xff,0xff,
  0xff,0xff,0x6b,0x00,0x00,0x00,0x00,0x40,0x00,0x40,0x00,0x00,0x62,0x00,0xff,0xd1,
  0xff,0xff,0xf7,0x2f,0xad,0x00,0x94,0x00,0x9c,0x00,0x9c,0x00,0x9c,0x00,0x9c,0x00,
  0x9c,0x00,0x9c,0x00,0x9c,0x00,0x9c,0x00,0x9c,0x00,0x9c,0x00,0x9c,0x00,0x94,0x00,
  0x94,0x00,0xc5,0x02,0xcd,0xc8,0x9b,0x28,0x9c,0x2a,0xa4,0x8b,0xac,0xcd,0xbd,0x6f,
  0xd6,0x73,0xe6,0x56,0xde,0xd8,0xce,0xf9,0xce,0xd9,0xd6,0xfa,0xef,0x5b,0xf7,0x7b,
  0xf7,0x7c,0xf7,0x7c,0xf7,0x7c,0xff,0xff,0xff,0xff,0xff,0xff,0xff,0xff,0xff,0xff,
  0xff,0xff,0xff,0xff,0xff,0xff,0xff,0xff,0xff,0xff,0xff,0xff,0xff,0xff,0xff,0xff,
  0xff,0xff,0xff,0xff,0xff,0xff,0xff,0xff,0xff,0xff,0xff,0xff,0xff,0xff,0xff,0xff,
  0xff,0xff,0xff,0xff,0xff,0xff,0xff,0xff,0xff,0xff,0xff,0xff,0xff,0xff,0xff,0xff,
  0xff,0xff,0xff,0xff,0xff,0xff,0xff,0xff,0xff,0xff,0xff,0xff,0xff,0xff,0xff,0xff,
  0xff,0xff,0x00,0x00,0x00,0x60,0x10,0x40,0x10,0x40,0x00,0x40,0x00,0x00,0x9c,0x4b,
  0xff,0xff,0x8c,0x4c,0x00,0x00,0x00,0x20,0x00,0x20,0x00,0x20,0x00,0x00,0x00,0x20,
  0x00,0x00,0x00,0x20,0x00,0x00,0x00,0x20,0x00,0x20,0x00,0x20,0x00,0x20,0x00,0x20,
  0x00,0x40,0x29,0xa0,0x9b,0x84,0x7b,0xe7,0x6b,0xc9,0x7b,0x0a,0x83,0x6b,0x9c,0xcd,
  0xb5,0x4f,0xd6,0x73,0xe6,0x97,0xe6,0x19,0xe6,0x3a,0xe6,0x3b,0xf7,0x5b,0xf7,0x7b,
  0xf7,0x5b,0xf7,0x5b,0xf7,0x5b,0xff,0xff,0xff,0xff,0xff,0xff,0xff,0xff,0xff,0xff,
  0xff,0xff,0xff,0xff,0xff,0xff,0xff,0xff,0xff,0xff,0xff,0xff,0xff,0xff,0xff,0xff,
  0xff,0xff,0xff,0xff,0xff,0xff,0xff,0xff,0xff,0xff,0xff,0xff,0xff,0xff,0xff,0xff,
  0xff,0xff,0xff,0xff,0xff,0xff,0xff,0xff,0xff,0xff,0xff,0xff,0xff,0xff,0xff,0xff,
  0xff,0xff,0xff,0xff,0xff,0xff,0xff,0xff,0xff,0xff,0xff,0xff,0xff,0xff,0xff,0xff,
  0xff,0xff,0x00,0x00,0x10,0x40,0x10,0x40,0x10,0x40,0x10,0x60,0x00,0x00,0x6b,0x8d,
  0xff,0xff,0x73,0x2b,0x00,0x00,0x08,0x00,0x08,0x00,0x08,0x00,0x08,0x00,0x08,0x00,
  0x08,0x00,0x08,0x00,0x08,0x00,0x08,0x00,0x08,0x00,0x08,0x00,0x08,0x00,0x08,0x00,
  0x08,0x00,0x20,0x60,0x6a,0xa5,0x72,0x28,0x62,0x0a,0x6b,0x4b,0x73,0x8c,0x83,0x8c,
  0x94,0x0e,0xbd,0xb0,0xde,0xb4,0xe7,0xb8,0xef,0x1a,0xf7,0x3a,0xf7,0x5a,0xef,0x5b,
  0xef,0x3b,0xef,0x1b,0xef,0x1b,0xff,0xff,0xff,0xff,0xff,0xff,0xff,0xff,0xff,0xff,
  0xff,0xff,0xff,0xff,0xff,0xff,0xff,0xff,0xff,0xff,0xff,0xff,0xff,0xff,0xff,0xff,
  0xff,0xff,0xff,0xff,0xff,0xff,0xff,0xff,0xff,0xff,0xff,0xff,0xff,0xff,0xff,0xff,
  0xff,0xff,0xff,0xff,0xff,0xff,0xff,0xff,0xff,0xff,0xff,0xff,0xff,0xff,0xff,0xff,
  0xff,0xff,0xff,0xff,0xff,0xff,0xff,0xff,0xff,0xff,0xff,0xff,0xff,0xff,0xff,0xff,
  0xff,0xff,0x00,0x40,0x10,0x00,0x10,0x20,0x10,0x20,0x10,0x00,0x00,0x00,0x7b,0x37,
  0xff,0xff,0x6b,0xb1,0x00,0x00,0x08,0x00,0x00,0x00,0x00,0x20,0x00,0x20,0x00,0x20,
  0x00,0x20,0x00,0x40,0x00,0x40,0x00,0x20,0x00,0x20,0x00,0x20,0x00,0x20,0x00,0x20,
  0x08,0x00,0x18,0x83,0x72,0x2a,0x7b,0xc9,0x6b,0xcc,0x73,0xed,0x7b,0x0e,0x7b,0x0e,
  0x84,0x0e,0x9c,0x4f,0xbd,0xd1,0xde,0xb5,0xef,0x98,0xef,0xd9,0xef,0xfa,0xef,0xfa,
  0xef,0xda,0xe7,0xb9,0xe7,0xfa,0xff,0xff,0xff,0xff,0xff,0xff,0xff,0xff,0xff,0xff,
  0xff,0xff,0xff,0xff,0xff,0xff,0xff,0xff,0xff,0xff,0xff,0xff,0xff,0xff,0xff,0xff,
  0xff,0xff,0xff,0xff,0xff,0xff,0xff,0xff,0xff,0xff,0xff,0xff,0xff,0xff,0xff,0xff,
  0xff,0xff,0xff,0xff,0xff,0xff,0xff,0xff,0xff,0xff,0xff,0xff,0xff,0xff,0xff,0xff,
  0xff,0xff,0xff,0xff,0xff,0xff,0xff,0xff,0xff,0xff,0xff,0xff,0xff,0xff,0xff,0xff,
  0xff,0xff,0x08,0x73,0x00,0x00,0x10,0x00,0x08,0x00,0x00,0x00,0x00,0xf2,0xd6,0xfe,
  0xff,0x5b,0x9c,0xbc,0x00,0x98,0x08,0xd5,0x08,0xf5,0x08,0xf5,0x10,0xf5,0x08,0xf5,
  0x10,0x16,0x10,0x15,0x10,0xd4,0x10,0x15,0x10,0xf5,0x10,0x73,0x08,0xb3,0x08,0xd4,
  0x08,0xb3,0x39,0x55,0xa4,0xaf,0x8b,0xac,0x83,0x31,0x83,0x52,0x8c,0x32,0x8c,0xd1,
  0x8c,0x90,0x94,0x70,0xa4,0xb1,0xbd,0x33,0xd6,0xd5,0xe6,0x37,0xe6,0x78,0xe6,0x78,
  0xde,0x78,0xde,0xb9,0xe6,0xfb,0xff,0xff,0xff,0xff,0xff,0xff,0xff,0xff,0xff,0xff,
  0xff,0xff,0xff,0xff,0xff,0xff,0xff,0xff,0xff,0xff,0xff,0xff,0xff,0xff,0xff,0xff,
  0xff,0xff,0xff,0xff,0xff,0xff,0xff,0xff,0xff,0xff,0xff,0xff,0xff,0xff,0xff,0xff,
  0xff,0xff,0xff,0xff,0xff,0xff,0xff,0xff,0xff,0xff,0xff,0xff,0xff,0xff,0xff,0xff,
  0xff,0xff,0xff,0xff,0xff,0xff,0xff,0xff,0xff,0xff,0xff,0xff,0xff,0xff,0xff,0xff,
  0xff,0xff,0xb5,0xff,0x08,0x9c,0x00,0x90,0x00,0x90,0x08,0x9c,0xa4,0xff,0xff,0x5b,
  0xef,0x3b,0xff,0x5b,0xde,0xdd,0xc5,0xfd,0xc5,0xdd,0xc5,0xdd,0xc5,0xfd,0xc5,0xdd,
  0xce,0xdd,0xce,0xbc,0xc5,0x5a,0xce,0xbc,0xcd,0xbc,0xbd,0x5a,0xbd,0x7b,0xc5,0xbc,
  0xbd,0x7b,0xd6,0xd8,0xd5,0xf1,0xac,0xd0,0xb5,0x35,0xb5,0x55,0xb5,0x55,0xa4,0x15,
  0x9c,0x73,0x94,0xf2,0x9c,0xd1,0xad,0x12,0xc5,0x53,0xce,0xb5,0xd6,0xf6,0xd6,0x37,
  0xd6,0x78,0xde,0xba,0xe6,0x3c,0xff,0xff,0xff,0xff,0xff,0xff,0xff,0xff,0xff,0xff,
  0xff,0xff,0xff,0xff,0xff,0xff,0xff,0xff,0xff,0xff,0xff,0xff,0xff,0xff,0xff,0xff,
  0xff,0xff,0xff,0xff,0xff,0xff,0xff,0xff,0xff,0xff,0xff,0xff,0xff,0xff,0xff,0xff,
  0xff,0xff,0xff,0xff,0xff,0xff,0xff,0xff,0xff,0xff,0xff,0xff,0xff,0xff,0xff,0xff,
  0xff,0xff,0xff,0xff,0xff,0xff,0xff,0xff,0xff,0xff,0xff,0xff,0xff,0xff,0xff,0xff,
  0xff,0xff,0xff,0xfe,0xf7,0x74,0x9c,0x28,0x9c,0x06,0xf7,0x53,0xff,0xfe,0xf7,0x5b,
  0xef,0x3b,0xf7,0x5b,0xff,0x3a,0xff,0x5b,0xff,0x3a,0xff,0x3b,0xff,0x3a,0xff,0x5b,
  0xff,0x3a,0xff,0xb8,0xf7,0x19,0xff,0x3a,0xff,0x1a,0xf7,0x3a,0xff,0x19,0xff,0x19,
  0xff,0xd8,0xee,0x96,0xdd,0x11,0xd5,0x11,0xd6,0x76,0xde,0x97,0xd6,0xb7,0xce,0xd8,
  0xb5,0x97,0xa4,0xd5,0xa4,0x33,0xa5,0x33,0xad,0x74,0xbd,0x95,0xc5,0xf6,0xce,0x57,
  0xd6,0x99,0xde,0x1b,0xef,0x7d,0xff,0xff,0xff,0xff,0xff,0xff,0xff,0xff,0xff,0xff,
  0xff,0xff,0xff,0xff,0xff,0xff,0xff,0xff,0xff,0xff,0xff,0xff,0xff,0xff,0xff,0xff,
  0xff,0xff,0xff,0xff,0xff,0xff,0xff,0xff,0xff,0xff,0xff,0xff,0xff,0xff,0xff,0xff,
  0xff,0xff,0xff,0xff,0xff,0xff,0xff,0xff,0xff,0xff,0xff,0xff,0xff,0xff,0xff,0xff,
  0xff,0xff,0xff,0xff,0xff,0xff,0xff,0xff,0xff,0xff,0xff,0xff,0xff,0xff,0xff,0xff,
  0xff,0xff,0xff,0x33,0xb5,0x00,0x52,0x00,0x4a,0x00,0xb5,0x00,0xff,0xf2,0xf7,0xff,
  0xf7,0x5a,0xf7,0x5b,0xef,0x3b,0xef,0x3a,0xef,0x3a,0xef,0x3b,0xef,0x3a,0xef,0x1a,
  0xef,0xf9,0xde,0xd8,0xef,0xf9,0xef,0x3a,0xef,0x1a,0xef,0x1a,0xef,0x19,0xef,0xf9,
  0xe6,0xd8,0xde,0x76,0xde,0x11,0xde,0x12,0xde,0x76,0xe6,0x96,0xe6,0xb7,0xe6,0xf8,
  0xde,0x19,0xc5,0xd9,0xad,0x16,0xad,0x94,0xb5,0x95,0xbd,0xf6,0xc5,0x37,0xce,0x99,
  0xd6,0x1b,0xe7,0x7c,0xf7,0xbd,0xff,0xff,0xff,0xff,0xff,0xff,0xff,0xff,0xff,0xff,
  0xff,0xff,0xff,0xff,0xff,0xff,0xff,0xff,0xff,0xff,0xff,0xff,0xff,0xff,0xff,0xff,
  0xff,0xff,0xff,0xff,0xff,0xff,0xff,0xff,0xff,0xff,0xff,0xff,0xff,0xff,0xff,0xff,
  0xff,0xff,0xff,0xff,0xff,0xff,0xff,0xff,0xff,0xff,0xff,0xff,0xff,0xff,0xff,0xff,
  0xff,0xff,0xff,0xff,0xff,0xff,0xff,0xff,0xff,0xff,0xff,0xff,0xff,0xff,0xff,0xff,
  0xff,0xff,0xad,0x69,0x00,0x00,0x00,0x40,0x00,0x40,0x00,0x00,0xac,0xe7,0xff,0xbc,
  0xf7,0x9c,0xef,0x5b,0xf7,0x5b,0xef,0x3a,0xef,0x3b,0xef,0x3a,0xef,0x3a,0xef,0xf9,
  0xe6,0x19,0xe6,0x3a,0xe6,0x1a,0xef,0x1a,0xef,0x1a,0xef,0x19,0xef,0x19,0xe6,0xf9,
  0xe6,0xd8,0xde,0x96,0xde,0x12,0xde,0x33,0xde,0x76,0xe6,0x97,0xe6,0xd7,0xee,0xf9,
  0xef,0x19,0xe6,0x1a,0xce,0xf9,0xbd,0x98,0xb5,0x57,0xc5,0x58,0xce,0xd9,0xd6,0x1b,
  0xe7,0x7c,0xf7,0xbd,0xff,0x9d,0xff,0xff,0xff,0xff,0xff,0xff,0xff,0xff,0xff,0xff,
  0xff,0xff,0xff,0xff,0xff,0xff,0xff,0xff,0xff,0xff,0xff,0xff,0xff,0xff,0xff,0xff,
  0xff,0xff,0xff,0xff,0xff,0xff,0xff,0xff,0xff,0xff,0xff,0xff,0xff,0xff,0xff,0xff,
  0xff,0xff,0xff,0xff,0xff,0xff,0xff,0xff,0xff,0xff,0xff,0xff,0xff,0xff,0xff,0xff,
  0xff,0xff,0xff,0xff,0xff,0xff,0xff,0xff,0xff,0xff,0xff,0xff,0xff,0xff,0xff,0xff,
  0xff,0xff,0x52,0x89,0x00,0x00,0x10,0x40,0x10,0x40,0x00,0x00,0x41,0xe7,0xff,0xdd,
  0xf7,0x9c,0xf7,0x5b,0xef,0x3b,0xef,0x3a,0xef,0x5a,0xef,0x3b,0xef,0x3a,0xe6,0x3a,
  0xef,0x3a,0xef,0x3a,0xef,0x1a,0xef,0x1a,0xef,0x1a,0xef,0x19,0xef,0x19,0xee,0xf9,
  0xe6,0xd8,0xde,0x96,0xde,0x32,0xde,0x33,0xde,0x97,0xe6,0xb7,0xe6,0xd8,0xee,0xf9,
  0xef,0x19,0xef,0x3a,0xe6,0x3a,0xde,0x3b,0xce,0x1a,0xd6,0x1b,0xde,0x5b,0xe7,0x7c,
  0xf7,0x9d,0xff,0xbd,0xf7,0x9d,0xff,0xff,0xff,0xff,0xff,0xff,0xff,0xff,0xff,0xff,
  0xff,0xff,0xff,0xff,0xff,0xff,0xff,0xff,0xff,0xff,0xff,0xff,0xff,0xff,0xff,0xff,
  0xff,0xff,0xff,0xff,0xff,0xff,0xff,0xff,0xff,0xff,0xff,0xff,0xff,0xff,0xff,0xff,
  0xff,0xff,0xff,0xff,0xff,0xff,0xff,0xff,0xff,0xff,0xff,0xff,0xff,0xff,0xff,0xff,
  0xff,0xff,0xff,0xff,0xff,0xff,0xff,0xff,0xff,0xff,0xff,0xff,0xff,0xff,0xff,0xff,
  0xff,0xff,0x52,0x74,0x00,0x00,0x10,0x00,0x10,0x00,0x00,0x00,0x41,0x52,0xff,0xfe,
  0xf7,0x5b,0xef,0x5b,0xf7,0x5b,0xef,0x5b,0xef,0x3b,0xef,0x3a,0xef,0x3a,0xef,0x3a,
  0xef,0x3a,0xef,0x3a,0xef,0x3a,0xef,0x1a,0xef,0x1a,0xef,0x1a,0xef,0x1a,0xee,0x19,
  0xe6,0xd8,0xde,0x96,0xde,0x33,0xde,0x54,0xe6,0x97,0xe6,0xb7,0xe6,0xd8,0xee,0xf9,
  0xef,0x1a,0xef,0x3a,0xf7,0x5b,0xef,0x5b,0xe7,0x5c,0xef,0x7c,0xef,0x7c,0xf7,0x9d,
  0xf7,0x9d,0xff,0x9d,0xf7,0x9d,0xff,0xff,0xff,0xff,0xff,0xff,0xff,0xff,0xff,0xff,
  0xff,0xff,0xff,0xff,0xff,0xff,0xff,0xff,0xff,0xff,0xff,0xff,0xff,0xff,0xff,0xff,
  0xff,0xff,0xff,0xff,0xff,0xff,0xff,0xff,0xff,0xff,0xff,0xff,0xff,0xff,0xff,0xff,
  0xff,0xff,0xff,0xff,0xff,0xff,0xff,0xff,0xff,0xff,0xff,0xff,0xff,0xff,0xff,0xff,
  0xff,0xff,0xff,0xff,0xff,0xff,0xff,0xff,0xff,0xff,0xff,0xff,0xff,0xff,0xff,0xff,
  0xff,0xff,0xb5,0xfe,0x00,0x74,0x00,0x89,0x00,0x88,0x00,0x74,0xad,0xfe,0xff,0x5b,
  0xef,0x5b,0xef,0x5b,0xf7,0x5b,0xef,0x5b,0xf7,0x5b,0xef,0x3a,0xef,0x3a,0xef,0x3a,
  0xef,0x3a,0xef,0x3a,0xef,0x3a,0xef,0x1a,0xef,0x1a,0xef,0x1a,0xef,0x1a,0xef,0x19,
  0xe6,0xd8,0xde,0x96,0xde,0x33,0xde,0x74,0xe6,0xb7,0xe6,0xd8,0xe6,0xf9,0xe6,0x19,
  0xef,0x1a,0xef,0x3a,0xf7,0x5b,0xf7,0x5b,0xf7,0x5c,0xf7,0x7c,0xf7,0x9c,0xf7,0x9d,
  0xf7,0x9d,0xf7,0x9d,0xf7,0xbd,0xff,0xff,0xff,0xff,0xff,0xff,0xff,0xff,0xff,0xff,
  0xff,0xff,0xff,0xff,0xff,0xff,0xff,0xff,0xff,0xff,0xff,0xff,0xff,0xff,0xff,0xff,
  0xff,0xff,0xff,0xff,0xff,0xff,0xff,0xff,0xff,0xff,0xff,0xff,0xff,0xff,0xff,0xff,
  0xff,0xff,0xff,0xff,0xff,0xff,0xff,0xff,0xff,0xff,0xff,0xff,0xff,0xff,0xff,0xff,
  0xff,0xff,0xff,0xff,0xff,0xff,0xff,0xff,0xff,0xff,0xff,0xff,0xff,0xff,0xff,0xff,
  0xff,0xff,0xff,0xbd,0xb5,0xff,0x5a,0xd1,0x5a,0xd2,0xb5,0xff,0xff,0x9d,0xf7,0x5b,
  0xef,0x5b,0xef,0x5b,0xef,0x5b,0xef,0x5b,0xef,0x5b,0xef,0x3a,0xef,0x3a,0xef,0x3a,
  0xef,0x3a,0xef,0x3a,0xef,0x3a,0xef,0x1a,0xef,0x1a,0xef,0x1a,0xef,0x1a,0xef,0x19,
  0xe6,0xd8,0xde,0x96,0xde,0x53,0xde,0x75,0xe6,0xb7,0xe6,0xd8,0xe6,0xf9,0xef,0x19,
  0xef,0x1a,0xef,0x3a,0xf7,0x3b,0xf7,0x5b,0xf7,0x7c,0xf7,0x9c,0xf7,0x9c,0xf7,0x9d,
  0xf7,0x9d,0xf7,0x9d,0xf7,0xbd,0xff,0xff,0xff,0xff,0xff,0xff,0xff,0xff,0xff,0xff,
  0xff,0xff,0xff,0xff,0xff,0xff,0xff,0xff,0xff,0xff,0xff,0xff,0xff,0xff,0xff,0xff,
  0xff,0xff,0xff,0xff,0xff,0xff,0xff,0xff,0xff,0xff,0xff,0xff,0xff,0xff,0xff,0xff,
  0xff,0xff,0xff,0xff,0xff,0xff,0xff,0xff,0xff,0xff,0xff,0xff,0xff,0xff,0xff,0xff,
  0xff,0xff,0xff,0xff,0xff,0xff,0xff,0xff,0xff,0xff,0xff,0xff,0xff,0xff,0xff,0xff,
  0xff,0xff,0xff,0xff,0xff,0x2b,0xa4,0x00,0xa4,0x00,0xff,0x2a,0xff,0xfd,0xef,0x7c,
  0xf7,0x5b,0xf7,0x5b,0xef,0x5b,0xef,0x3b,0xef,0x3b,0xef,0x3b,0xef,0x3b,0xef,0x3a,
  0xef,0x3a,0xef,0x3a,0xef,0x3a,0xef,0x1a,0xef,0x1a,0xef,0x1a,0xef,0x1a,0xef,0x19,
  0xe6,0xd8,0xde,0x96,0xde,0x53,0xe6,0x75,0xe6,0xd8,0xe6,0xd8,0xe6,0xf9,0xef,0x19,
  0xef,0x1a,0xef,0x3b,0xef,0x5b,0xf7,0x7c,0xf7,0x7c,0xf7,0x9c,0xf7,0x9d,0xf7,0x9d,
  0xf7,0x9d,0xf7,0xbd,0xf7,0xbd,0xff,0xff,0xff,0xff,0xff,0xff,0xff,0xff,0xff,0xff,
  0xff,0xff,0xff,0xff,0xff,0xff,0xff,0xff,0xff,0xff,0xff,0xff,0xff,0xff,0xff,0xff,
  0xff,0xff,0xff,0xff,0xff,0xff,0xff,0xff,0xff,0xff,0xff,0xff,0xff,0xff,0xff,0xff,
  0xff,0xff,0xff,0xff,0xff,0xff,0xff,0xff,0xff,0xff,0xff,0xff,0xff,0xff,0xff,0xff,
  0xff,0xff,0xff,0xff,0xff,0xff,0xff,0xff,0xff,0xff,0xff,0xff,0xff,0xff,0xff,0xff,
  0xff,0xff,0xff,0x3b,0x73,0x81,0x00,0x00,0x00,0x00,0x6b,0x41,0xff,0xfa,0xf7,0xdd,
  0xf7,0x5b,0xf7,0x3b,0xf7,0x3b,0xef,0x3b,0xef,0x3b,0xef,0x3a,0xef,0x3a,0xef,0x3a,
  0xef,0x3a,0xef,0x3a,0xef,0x3a,0xef,0x3a,0xef,0x1a,0xef,0x1a,0xef,0x1a,0xef,0x19,
  0xe6,0xd8,0xde,0x96,0xde,0x53,0xde,0x95,0xe6,0xd8,0xe6,0xf9,0xe6,0xf9,0xef,0x1a,
  0xef,0x3a,0xef,0x3b,0xf7,0x5c,0xf7,0x7c,0xf7,0x7c,0xf7,0x9c,0xf7,0x9d,0xf7,0x9d,
  0xf7,0x9d,0xf7,0xbd,0xf7,0xbd,0xff,0xff,0xff,0xff,0xff,0xff,0xff,0xff,0xff,0xff,
  0xff,0xff,0xff,0xff,0xff,0xff,0xff,0xff,0xff,0xff,0xff,0xff,0xff,0xff,0xff,0xff,
  0xff,0xff,0xff,0xff,0xff,0xff,0xff,0xff,0xff,0xff,0xff,0xff,0xff,0xff,0xff,0xff,
  0xff,0xff,0xff,0xff,0xff,0xff,0xff,0xff,0xff,0xff,0xff,0xff,0xff,0xff,0xff,0xff,
  0xff,0xff,0xff,0xff,0xff,0xff,0xff,0xff,0xff,0xff,0xff,0xff,0xff,0xff,0xff,0xff,
  0xff,0xff,0xef,0xfe,0x10,0xc9,0x00,0x00,0x00,0x00,0x08,0x68,0xe6,0xdd,0xff,0x9c,
  0xf7,0x5b,0xef,0x5b,0xef,0x5b,0xef,0x5b,0xef,0x3a,0xef,0x5b,0xef,0x3a,0xef,0x3a,
  0xef,0x3a,0xef,0x3a,0xef,0x3a,0xef,0x3a,0xef,0x1a,0xef,0x1a,0xef,0x1a,0xef,0x19,
  0xe6,0xf9,0xde,0x96,0xde,0x54,0xe6,0x96,0xe6,0xd8,0xe6,0xf9,0xe6,0x19,0xef,0x1a,
  0xef,0x3b,0xef,0x5b,0xf7,0x7c,0xf7,0x7c,0xf7,0x7c,0xf7,0x9d,0xf7,0x9d,0xf7,0x9d,
  0xff,0x9d,0xf7,0x9d,0xf7,0xbd,0xff,0xff,0xff,0xff,0xff,0xff,0xff,0xff,0xff,0xff,
  0xff,0xff,0xff,0xff,0xff,0xff,0xff,0xff,0xff,0xff,0xff,0xff,0xff,0xff,0xff,0xff,
  0xff,0xff,0xff,0xff,0xff,0xff,0xff,0xff,0xff,0xff,0xff,0xff,0xff,0xff,0xff,0xff,
  0xff,0xff,0xff,0xff,0xff,0xff,0xff,0xff,0xff,0xff,0xff,0xff,0xff,0xff,0xff,0xff,
  0xff,0xff,0xff,0xff,0xff,0xff,0xff,0xff,0xff,0xff,0xff,0xff,0xff,0xff,0xff,0xff,
  0xff,0xff,0xff,0xde,0x62,0x5c,0x00,0xcd,0x00,0x0e,0x52,0x5b,0xff,0xbd,0xf7,0x5b,
  0xf7,0x5b,0xf7,0x5b,0xf7,0x3b,0xf7,0x5b,0xef,0x5b,0xef,0x5b,0xef,0x3b,0xef,0x3a,
  0xef,0x3a,0xef,0x3a,0xef,0x3a,0xef,0x3a,0xef,0x1a,0xef,0x1a,0xef,0x1a,0xef,0x19,
  0xe6,0xf9,0xde,0x96,0xde,0x54,0xe6,0x96,0xe6,0xf9,0xe6,0x19,0xef,0x1a,0xef,0x1a,
  0xef,0x3b,0xf7,0x5b,0xf7,0x7c,0xf7,0x7c,0xf7,0x9c,0xf7,0x9d,0xf7,0x9d,0xf7,0xbd,
  0xf7,0xbd,0xf7,0xbd,0xf7,0xbd,0xff,0xff,0xff,0xff,0xff,0xff,0xff,0xff,0xff,0xff,
  0xff,0xff,0xff,0xff,0xff,0xff,0xff,0xff,0xff,0xff,0xff,0xff,0xff,0xff,0xff,0xff,
  0xff,0xff,0xff,0xff,0xff,0xff,0xff,0xff,0xff,0xff,0xff,0xff,0xff,0xff,0xff,0xff,
  0xff,0xff,0xff,0xff,0xff,0xff,0xff,0xff,0xff,0xff,0xff,0xff,0xff,0xff,0xff,0xff,
};
